Div,Date,HomeTeam,AwayTeam,FTHG,FTAG,FTR,HTHG,HTAG,HTR,HS,AS,HST,AST,HF,AF,HC,AC,HY,AY,HR,AR,B365H,B365D,B365A,BWH,BWD,BWA,IWH,IWD,IWA,PSH,PSD,PSA,WHH,WHD,WHA,VCH,VCD,VCA,Bb1X2,BbMxH,BbAvH,BbMxD,BbAvD,BbMxA,BbAvA,BbOU,BbMx>2.5,BbAv>2.5,BbMx<2.5,BbAv<2.5,BbAH,BbAHh,BbMxAHH,BbAvAHH,BbMxAHA,BbAvAHA,PSCH,PSCD,PSCA
D2,03/08/2018,Hamburg,Holstein Kiel,0,3,A,0,0,D,14,16,3,8,11,11,4,10,1,3,0,0,1.7,3.6,5,1.67,3.7,5.25,1.75,3.5,4.5,1.78,3.59,5.2,1.75,3.7,4.33,1.75,3.75,4.6,40,1.8,1.73,3.9,3.59,5.3,4.75,37,1.95,1.87,2.06,1.91,17,-1,2.44,2.35,1.67,1.6,1.85,3.62,4.62
D2,04/08/2018,Bochum,FC Koln,0,2,A,0,1,A,14,15,2,5,17,19,6,1,3,2,0,1,2.8,3.1,2.6,2.85,3.2,2.5,2.65,3.3,2.5,2.91,3.18,2.62,2.8,3.2,2.5,2.8,3.25,2.6,37,3,2.78,3.3,3.16,2.65,2.53,33,2.07,1.99,1.92,1.8,17,0,2.06,2,1.89,1.83,3.13,3.38,2.39
D2,04/08/2018,Greuther Furth,Sandhausen,3,1,H,0,0,D,16,10,5,5,19,11,6,8,1,1,0,0,2.25,3.2,3.3,2.3,3.1,3.3,2.3,3.3,2.9,2.4,3.01,3.43,2.4,3,3.1,2.38,3.2,3.13,39,2.45,2.32,3.3,3.04,3.49,3.23,32,2.38,2.28,1.66,1.59,17,0,1.69,1.65,2.34,2.25,3.04,3.07,2.64
D2,04/08/2018,Regensburg,Ingolstadt,2,1,H,1,1,D,13,13,9,3,23,20,5,9,1,3,0,0,3.2,3.2,2.3,2.95,3.3,2.4,2.75,3.3,2.4,3.2,3.27,2.37,2.9,3.3,2.38,3,3.4,2.38,39,3.21,3.04,3.4,3.25,2.42,2.3,36,1.99,1.9,1.95,1.87,18,0,2.35,2.22,1.73,1.66,2.96,3.47,2.46
D2,05/08/2018,Darmstadt,Paderborn,1,0,H,0,0,D,7,7,2,1,14,21,8,3,3,4,0,0,2.45,3.25,2.87,2.4,3.25,2.95,2.4,3.2,2.85,2.65,3.11,2.93,2.5,3.2,2.8,2.55,3.3,2.8,39,2.65,2.5,3.3,3.15,3.05,2.8,36,2.18,2,1.85,1.78,18,0,1.87,1.82,2.05,2,2.82,3.26,2.69
D2,05/08/2018,Heidenheim,Bielefeld,1,1,D,1,1,D,14,16,5,8,8,11,7,2,1,1,0,0,2.4,3.2,3,2.4,3.25,2.95,2.4,3.2,2.85,2.61,3.19,2.92,2.5,3.25,2.75,2.5,3.3,2.88,38,2.66,2.47,3.32,3.18,3,2.81,34,2.01,1.93,1.9,1.84,18,0,1.86,1.79,2.1,2.03,2.68,3.36,2.76
D2,05/08/2018,Magdeburg,St Pauli,1,2,A,1,1,D,6,5,2,4,8,11,3,4,0,1,0,0,2.2,3.25,3.3,2.2,3.1,3.5,2.2,3.3,3.1,2.36,3.13,3.37,2.3,3.2,3.1,2.3,3.3,3.2,37,2.37,2.26,3.3,3.16,3.5,3.2,32,2.17,2.07,1.83,1.73,15,0,1.68,1.63,2.36,2.28,2.43,3.16,3.27
D2,05/08/2018,Union Berlin,Erzgebirge Aue,1,0,H,0,0,D,17,6,3,1,20,18,5,2,2,3,0,0,1.8,3.5,4.5,1.83,3.5,4.4,1.8,3.5,4.2,1.85,3.43,4.8,1.73,3.5,4.2,1.83,3.6,4.33,39,1.89,1.82,3.6,3.41,4.9,4.35,36,2.1,2.01,1.86,1.77,16,-0.75,2.17,2.1,1.81,1.74,1.98,3.54,4.08
D2,06/08/2018,Dresden,Duisburg,1,0,H,1,0,H,20,12,3,3,11,15,3,3,0,3,0,0,2.25,3.25,3.2,2.25,3.3,3.25,2.2,3.2,3.2,2.28,3.2,3.47,2.25,3.3,3.1,2.25,3.3,3.3,37,2.35,2.23,3.33,3.22,3.47,3.18,35,2.04,1.98,1.89,1.8,15,0,1.67,1.59,2.42,2.32,2.32,3.46,3.19
D2,10/08/2018,Ingolstadt,Greuther Furth,1,1,D,0,0,D,28,12,5,7,13,14,18,6,1,3,0,0,1.61,4,5,1.62,3.8,5.5,1.67,3.55,5,1.65,3.85,6,1.65,3.9,4.8,1.65,4,5.2,38,1.68,1.63,4.1,3.84,6,5.18,35,1.87,1.81,2.09,1.99,15,-1,2.2,2.11,1.77,1.72,1.63,4.07,5.7
D2,10/08/2018,Paderborn,Regensburg,2,0,H,1,0,H,14,13,5,3,16,16,12,12,1,4,0,0,2,3.6,3.5,2.05,3.5,3.5,2,3.3,3.6,2.03,3.58,3.82,2.05,3.6,3.3,2,3.8,3.5,39,2.1,2.01,3.8,3.55,3.82,3.47,35,1.75,1.67,2.29,2.18,16,-0.5,2.04,1.99,1.89,1.84,1.98,3.95,3.65
D2,10/08/2018,St Pauli,Darmstadt,2,0,H,0,0,D,16,18,3,3,13,13,2,1,3,3,0,0,2.2,3.25,3.3,2.25,3.2,3.3,2.15,3.3,3.2,2.37,3.08,3.5,2.3,3.1,3.2,2.25,3.2,3.4,38,2.37,2.24,3.3,3.12,3.55,3.33,36,2.31,2.17,1.72,1.67,17,-0.25,2,1.92,1.96,1.9,2.19,3.18,3.82
D2,11/08/2018,Bielefeld,Dresden,2,1,H,2,0,H,16,12,5,4,17,18,4,2,1,3,0,0,2.2,3.4,3.2,2.25,3.4,3.1,2.2,3.2,3.2,2.28,3.23,3.42,2.25,3.3,3.1,2.2,3.4,3.25,38,2.33,2.22,3.4,3.27,3.42,3.19,35,1.97,1.87,1.97,1.91,19,-0.25,1.96,1.91,1.98,1.92,2.35,3.47,3.14
D2,11/08/2018,Duisburg,Bochum,0,2,A,0,0,D,28,5,7,2,12,12,7,3,3,1,0,1,2.45,3.25,2.87,2.5,3.25,2.8,2.5,3.2,2.75,2.62,3.24,2.92,2.45,3.4,2.7,2.55,3.4,2.75,38,2.68,2.51,3.45,3.23,2.92,2.77,36,1.99,1.91,1.95,1.87,19,0,1.88,1.83,2.06,2,2.76,3.25,2.76
D2,12/08/2018,Erzgebirge Aue,Magdeburg,0,0,D,0,0,D,12,9,3,0,15,10,7,4,1,0,0,0,2.37,3.25,3,2.35,3.2,3.1,2.2,3.2,3.2,2.58,3.14,3,2.4,3.1,3,2.5,3.2,3,35,2.63,2.44,3.25,3.08,3.2,2.96,30,2.31,2.26,1.67,1.61,18,-0.25,2.19,2.09,1.81,1.75,2.47,3.17,3.25
D2,12/08/2018,Holstein Kiel,Heidenheim,1,1,D,1,1,D,7,16,4,4,11,15,4,8,3,2,1,0,1.6,3.75,5.75,1.62,4.1,5,1.6,3.7,5.4,1.68,3.75,5.55,1.67,3.8,4.8,1.67,3.8,5.25,36,1.71,1.64,4.1,3.76,5.75,5.06,34,1.84,1.78,2.08,2.01,19,-1,2.3,2.16,1.77,1.7,1.81,3.81,4.69
D2,12/08/2018,Sandhausen,Hamburg,0,3,A,0,2,A,11,7,2,4,11,16,5,2,2,1,0,0,3.3,3.3,2.2,3.5,3.25,2.15,2.9,3.3,2.3,3.37,3.33,2.26,3.1,3.3,2.25,3.2,3.3,2.3,37,3.5,3.25,3.4,3.21,2.31,2.22,34,2.21,2.1,1.8,1.71,18,0.25,1.99,1.9,2,1.92,2.96,3.35,2.54
D2,13/08/2018,FC Koln,Union Berlin,1,1,D,1,0,H,18,10,5,4,14,17,9,3,2,1,0,0,1.6,3.8,5.75,1.67,3.8,5,1.7,3.6,4.7,1.66,3.79,5.77,1.65,3.8,5,1.67,3.8,5.4,37,1.7,1.65,3.92,3.71,5.77,5.1,34,1.91,1.85,1.99,1.92,19,-1,2.25,2.16,1.75,1.69,1.63,4.06,5.77
D2,24/08/2018,Bochum,Sandhausen,1,0,H,0,0,D,16,9,7,1,6,12,7,5,0,0,0,0,1.95,3.5,3.8,1.91,3.3,4.2,2,3.3,3.6,1.97,3.49,4.19,1.95,3.4,3.8,1.95,3.5,4,38,2.03,1.95,3.5,3.28,4.4,4.01,33,2.37,2.23,1.71,1.62,16,-0.5,2.03,1.95,1.93,1.88,2.14,3.34,3.74
D2,24/08/2018,Darmstadt,Duisburg,3,0,H,0,0,D,10,15,4,5,16,12,4,5,0,2,0,0,2.1,3.25,3.5,2.2,3.25,3.4,2.3,3.2,3,2.15,3.39,3.68,2.05,3.4,3.4,2.15,3.4,3.4,38,2.3,2.16,3.4,3.23,3.68,3.42,34,2.19,2.09,1.77,1.71,17,-0.25,1.91,1.85,2.04,1.97,2.44,3.33,3.11
D2,25/08/2018,FC Koln,Erzgebirge Aue,3,1,H,1,1,D,18,8,7,1,12,16,7,0,1,4,0,0,1.4,4.75,7,1.44,4.33,7.5,1.4,4.5,7,1.43,4.44,8.48,1.4,4.5,7.5,1.4,4.75,7.5,40,1.46,1.41,4.75,4.44,8.48,7.5,38,1.89,1.81,2.05,1.98,20,-1,1.74,1.68,2.23,2.18,1.41,4.7,9.07
D2,25/08/2018,Greuther Furth,Paderborn,2,2,D,0,0,D,13,17,5,4,10,14,2,8,1,3,0,1,2.75,3.1,2.62,2.7,3.3,2.6,2.7,3.2,2.55,2.78,3.41,2.57,2.62,3.3,2.6,2.75,3.25,2.63,40,2.78,2.69,3.41,3.22,2.8,2.59,38,1.97,1.9,1.95,1.88,20,0,1.99,1.94,1.94,1.88,3.03,3.53,2.38
D2,25/08/2018,Magdeburg,Ingolstadt,1,1,D,1,1,D,16,8,2,2,13,24,6,1,3,3,0,0,3.1,3.3,2.3,3,3.25,2.4,3,3.15,2.3,3.04,3.36,2.41,2.9,3.3,2.38,3.1,3.3,2.38,38,3.16,3.02,3.37,3.21,2.42,2.34,35,2.11,2.04,1.82,1.76,18,0,2.26,2.17,1.75,1.69,3,3.28,2.53
D2,26/08/2018,Dresden,Heidenheim,1,3,A,0,2,A,23,15,4,5,11,20,8,4,3,3,0,0,2.1,3.4,3.4,2.1,3.3,3.5,2.05,3.3,3.4,2.14,3.35,3.63,2.15,3.3,3.3,2.15,3.4,3.4,37,2.21,2.1,3.49,3.31,3.65,3.38,35,1.92,1.86,1.99,1.91,17,-0.25,1.9,1.84,2.04,1.98,2.19,3.48,3.45
D2,26/08/2018,Regensburg,Holstein Kiel,0,0,D,0,0,D,18,16,3,1,13,7,4,4,1,1,0,0,2.7,3.4,2.5,2.75,3.3,2.55,2.65,3.45,2.4,2.79,3.51,2.5,2.7,3.4,2.45,2.75,3.5,2.5,39,2.9,2.69,3.6,3.37,2.64,2.48,33,1.68,1.64,2.27,2.2,19,0,2.05,1.98,1.89,1.84,2.92,3.69,2.37
D2,26/08/2018,Union Berlin,St Pauli,4,1,H,2,0,H,11,11,5,4,17,11,1,5,1,3,0,0,2.2,3.3,3.3,2.15,3.3,3.4,2.1,3.25,3.35,2.15,3.3,3.67,2.2,3.25,3.25,2.2,3.3,3.4,39,2.25,2.15,3.41,3.24,3.67,3.35,37,2.07,1.99,1.85,1.79,18,-0.25,1.94,1.87,2.03,1.96,2.09,3.5,3.72
D2,27/08/2018,Hamburg,Bielefeld,3,0,H,1,0,H,10,18,5,4,17,10,5,8,1,1,0,0,1.8,3.6,4.33,1.8,3.7,4.25,1.8,3.5,4.2,1.81,3.67,4.67,1.8,3.6,4.2,1.85,3.6,4.33,40,1.88,1.8,3.72,3.55,4.88,4.24,37,1.87,1.79,2.07,1.99,17,-0.75,2.16,2.06,1.82,1.76,1.63,4.25,5.42
D2,31/08/2018,Ingolstadt,Erzgebirge Aue,3,2,H,1,1,D,12,11,5,3,20,17,4,3,3,0,0,0,1.64,3.8,5,1.67,3.7,5.25,1.7,3.6,4.7,1.71,3.56,5.96,1.67,3.7,5,1.7,3.8,5,36,1.74,1.68,3.8,3.57,5.96,5.26,33,2.12,2.03,1.83,1.76,14,-1,2.36,2.27,1.68,1.63,1.68,3.74,5.9
D2,31/08/2018,Paderborn,Bochum,2,2,D,0,1,A,20,5,7,2,11,16,6,3,2,4,0,0,1.95,3.5,3.8,2.05,3.4,3.6,2.2,3.3,3.1,2.07,3.56,3.71,2.05,3.6,3.3,2.05,3.6,3.5,37,2.2,2.04,3.6,3.44,3.8,3.53,34,1.98,1.88,2,1.89,16,-0.25,1.81,1.77,2.14,2.06,2.11,3.6,3.56
D2,01/09/2018,Bielefeld,Regensburg,5,3,H,3,2,H,20,14,10,6,14,12,4,7,3,2,0,0,2.04,3.4,3.6,2.05,3.4,3.6,2.2,3.2,3.2,2.18,3.36,3.6,2.1,3.5,3.25,2.15,3.5,3.3,39,2.2,2.1,3.5,3.37,3.65,3.39,36,1.84,1.78,2.11,2.01,19,-0.25,1.9,1.85,2.05,1.98,2.22,3.58,3.3
D2,01/09/2018,Duisburg,Greuther Furth,0,1,A,0,1,A,17,20,4,8,17,19,6,6,2,4,0,0,2,3.4,3.75,2,3.4,3.75,2.2,3.2,3.2,2.03,3.41,4.04,2.05,3.3,3.6,2.05,3.4,3.75,39,2.2,2.01,3.5,3.34,4.04,3.73,37,1.95,1.86,1.98,1.92,19,-0.5,2.04,1.99,1.89,1.85,1.83,3.64,4.75
D2,02/09/2018,Heidenheim,Darmstadt,0,1,A,0,1,A,16,17,5,8,11,11,7,6,1,2,0,0,2.25,3.5,3,2.35,3.2,3.1,2.3,3.3,2.9,2.42,3.22,3.17,2.38,3.3,2.9,2.3,3.5,3,36,2.57,2.32,3.5,3.21,3.3,3.06,32,2.1,2.02,1.86,1.77,17,0,1.73,1.67,2.35,2.2,2.5,3.35,2.98
D2,02/09/2018,Sandhausen,Union Berlin,0,0,D,0,0,D,9,9,3,4,14,15,5,2,2,3,0,0,2.5,3.2,2.8,2.6,3.2,2.75,2.6,3.2,2.6,2.71,3.1,2.87,2.5,3.25,2.75,2.6,3.3,2.75,36,2.77,2.59,3.3,3.1,2.89,2.76,32,2.21,2.11,1.76,1.71,18,0,1.89,1.86,2.03,1.97,3.06,3.17,2.55
D2,02/09/2018,St Pauli,FC Koln,3,5,A,2,2,D,24,12,8,8,15,20,12,2,1,2,0,0,3.75,3.4,2,3.7,3.4,2,3.3,3.3,2.1,4.13,3.36,2,3.5,3.5,2,3.8,3.5,2,37,4.13,3.72,3.53,3.34,2.1,1.99,34,2.01,1.94,1.93,1.84,18,0.5,1.9,1.85,2.03,1.98,3.52,3.59,2.13
D2,03/09/2018,Holstein Kiel,Magdeburg,2,1,H,0,0,D,10,10,5,4,16,13,4,2,2,2,0,0,1.83,3.6,4.2,1.83,3.4,4.6,1.8,3.5,4.2,1.9,3.41,4.54,1.91,3.4,4,1.9,3.6,4.1,37,1.93,1.85,3.6,3.41,4.87,4.22,34,1.93,1.86,1.99,1.92,18,-0.75,2.18,2.11,1.78,1.72,2.13,3.44,3.66
D2,14/09/2018,Regensburg,Dresden,0,2,A,0,1,A,15,11,2,2,13,16,7,5,2,4,0,0,2.14,3.6,3.1,2.2,3.5,3.1,2.2,3.55,2.9,2.31,3.75,3.01,2.25,3.6,2.88,2.25,3.7,3,38,2.38,2.25,3.75,3.56,3.2,2.98,34,1.66,1.6,2.41,2.29,21,0,1.74,1.66,2.4,2.22,2.42,3.71,2.87
D2,14/09/2018,Union Berlin,Duisburg,2,2,D,1,0,H,8,6,4,4,20,15,5,2,3,3,0,0,1.66,3.75,5,1.62,3.8,5.5,1.65,3.7,4.95,1.69,3.78,5.53,1.65,3.8,4.8,1.67,3.8,5.4,38,1.72,1.66,4,3.77,6.22,5.17,36,1.88,1.81,2.05,1.99,21,-1,2.3,2.18,1.75,1.69,1.7,3.78,5.42
D2,15/09/2018,Darmstadt,Sandhausen,1,1,D,0,0,D,12,12,3,5,11,18,7,5,1,2,0,0,2.04,3.25,3.75,2.1,3.1,3.8,2.05,3.15,3.6,2.2,3.14,3.84,2.15,3.2,3.4,2.15,3.25,3.6,39,2.23,2.12,3.26,3.15,4,3.67,35,2.39,2.27,1.66,1.61,21,-0.25,1.87,1.82,2.08,2.02,2.31,3.1,3.56
D2,15/09/2018,Greuther Furth,Holstein Kiel,4,1,H,0,0,D,17,9,8,2,11,6,3,6,3,1,0,0,3,3.5,2.25,3,3.2,2.4,2.9,3.3,2.3,3.13,3.32,2.43,2.88,3.3,2.38,2.9,3.5,2.38,39,3.13,2.95,3.5,3.3,2.48,2.37,37,1.91,1.84,2.03,1.96,22,0,2.23,2.14,1.77,1.72,3.05,3.48,2.37
D2,15/09/2018,Hamburg,Heidenheim,3,2,H,0,0,D,20,12,7,5,9,12,4,7,2,1,0,0,1.55,4,6,1.57,4,5.75,1.57,3.85,5.4,1.61,3.94,6.35,1.62,4,5,1.6,4,5.75,38,1.63,1.58,4.1,3.93,6.35,5.67,35,1.83,1.77,2.12,2.04,23,-1,2.07,2.01,1.87,1.82,1.64,3.93,5.78
D2,16/09/2018,Bochum,Ingolstadt,6,0,H,3,0,H,19,3,10,1,10,19,8,0,1,4,0,1,2.37,3.4,2.87,2.4,3.3,2.95,2.4,3.25,2.8,2.54,3.2,2.98,2.45,3.3,2.8,2.45,3.4,2.88,38,2.59,2.45,3.4,3.23,3,2.87,36,2.05,1.96,1.9,1.83,21,0,1.81,1.77,2.13,2.07,2.54,3.34,2.91
D2,16/09/2018,Erzgebirge Aue,St Pauli,3,1,H,2,1,H,20,10,7,3,16,12,2,2,2,1,0,0,2.7,3.25,2.6,2.7,3.2,2.65,2.75,3.05,2.6,2.86,3.06,2.73,2.7,3.2,2.6,2.75,3.25,2.63,38,2.95,2.75,3.25,3.07,2.75,2.63,32,2.3,2.24,1.67,1.62,21,0,2,1.94,1.93,1.88,2.89,3.21,2.61
D2,16/09/2018,FC Koln,Paderborn,3,5,A,1,1,D,16,21,8,10,15,15,16,5,4,2,1,0,1.57,3.8,6,1.62,3.9,5.5,1.6,3.9,5.1,1.61,3.99,5.94,1.65,3.9,4.8,1.65,4,5.2,38,1.67,1.61,4.12,3.91,6,5.21,33,1.65,1.61,2.37,2.26,21,-1,2.12,2.06,1.83,1.77,1.58,4.25,5.98
D2,17/09/2018,Magdeburg,Bielefeld,0,0,D,0,0,D,11,17,5,4,14,12,3,2,4,2,0,0,2.3,3.3,3.1,2.4,3.3,2.9,2.3,3.25,3,2.39,3.27,3.15,2.38,3.3,2.9,2.38,3.3,3.1,37,2.65,2.35,3.36,3.22,3.15,2.99,35,2.01,1.95,1.93,1.83,20,-0.25,2.07,2,1.88,1.83,2.68,3.24,2.82
D2,18/09/2018,Dresden,Hamburg,0,1,A,0,0,D,16,14,2,5,13,8,6,4,4,2,0,0,3,3.3,2.3,2.9,3.3,2.4,3.1,3.3,2.2,2.96,3.4,2.47,2.88,3.3,2.4,2.88,3.4,2.45,38,3.1,2.88,3.48,3.32,2.52,2.41,36,1.82,1.76,2.14,2.05,22,0,2.2,2.09,1.83,1.77,2.63,3.6,2.64
D2,21/09/2018,Ingolstadt,St Pauli,0,1,A,0,0,D,8,10,2,2,17,10,5,7,4,0,1,0,2,3.4,3.75,2,3.4,3.75,2,3.3,3.6,2.1,3.5,3.63,2.1,3.4,3.4,2.05,3.5,3.5,38,2.15,2.04,3.55,3.41,3.87,3.59,36,1.9,1.84,2.03,1.94,19,-0.25,1.84,1.78,2.16,2.07,2.22,3.48,3.34
D2,21/09/2018,Sandhausen,FC Koln,0,2,A,0,1,A,6,8,2,2,15,19,2,7,2,3,0,0,4,3.4,1.9,4,3.6,1.87,3.6,3.3,2,4.06,3.75,1.91,3.75,3.7,1.88,4,3.6,1.91,37,4.5,3.98,3.8,3.56,2,1.89,35,1.94,1.88,2.01,1.91,17,0.75,1.75,1.71,2.2,2.15,3.99,3.68,1.94
D2,22/09/2018,Bielefeld,Union Berlin,1,1,D,0,1,A,6,11,1,2,9,15,4,3,2,1,0,0,2.5,3.3,2.75,2.45,3.3,2.85,2.5,3.3,2.65,2.64,3.32,2.81,2.5,3.3,2.7,2.5,3.5,2.75,36,2.67,2.54,3.5,3.3,2.85,2.72,34,1.86,1.79,2.08,2,19,0,1.89,1.85,2.04,1.98,2.5,3.43,2.9
D2,22/09/2018,Dresden,Darmstadt,4,1,H,1,1,D,11,9,4,3,17,19,2,1,2,2,0,0,2.2,3.4,3.2,2.25,3.25,3.2,2.15,3.25,3.3,2.23,3.31,3.51,2.2,3.3,3.2,2.2,3.4,3.3,38,2.25,2.19,3.4,3.25,3.59,3.34,36,2.07,1.99,1.86,1.8,18,-0.25,1.95,1.9,1.98,1.94,2.26,3.38,3.36
D2,22/09/2018,Holstein Kiel,Bochum,2,2,D,0,1,A,15,9,5,6,12,11,10,2,2,1,0,0,2.14,3.5,3.2,2.2,3.4,3.2,2.3,3.3,2.9,2.27,3.48,3.23,2.2,3.5,3,2.2,3.6,3.1,39,2.31,2.22,3.6,3.41,3.34,3.13,38,1.82,1.76,2.12,2.04,20,-0.25,1.99,1.94,1.96,1.9,2.41,3.52,2.95
D2,23/09/2018,Duisburg,Erzgebirge Aue,1,2,A,1,0,H,22,10,7,7,12,20,5,3,4,3,0,0,2,3.3,3.75,2,3.4,3.7,2.1,3.3,3.3,2.09,3.25,3.87,2.1,3.3,3.4,2.1,3.4,3.6,37,2.1,2.04,3.45,3.3,3.87,3.66,36,2.12,2.02,1.85,1.77,17,-0.25,1.8,1.77,2.17,2.08,2.33,3.29,3.3
D2,23/09/2018,Hamburg,Regensburg,0,5,A,0,3,A,14,18,4,9,9,14,9,5,1,4,0,0,1.57,4.2,5.25,1.57,4,5.75,1.5,4,6.1,1.64,3.87,5.76,1.65,3.9,4.75,1.65,4.2,4.8,37,1.65,1.61,4.2,3.96,6.1,5.27,33,1.61,1.55,2.47,2.39,19,-1,2.11,2.03,1.87,1.8,1.55,4.61,5.74
D2,23/09/2018,Heidenheim,Greuther Furth,2,0,H,0,0,D,18,11,8,0,16,11,8,2,0,3,0,0,2.2,3.4,3.2,2.2,3.4,3.2,2.2,3.3,3.1,2.26,3.31,3.33,2.3,3.3,3,2.3,3.4,3.13,37,2.51,2.23,3.45,3.3,3.43,3.17,35,1.95,1.85,2,1.94,17,-0.25,2.02,1.95,1.94,1.89,2.17,3.64,3.32
D2,23/09/2018,Paderborn,Magdeburg,4,4,D,2,1,H,17,13,6,9,17,16,2,3,2,5,0,0,1.85,3.6,4,1.95,3.4,3.9,2,3.3,3.6,1.92,3.49,4.22,1.91,3.5,3.9,1.91,3.6,4,35,2,1.9,3.7,3.46,4.22,3.99,33,1.98,1.9,1.96,1.88,17,-0.75,2.25,2.17,1.73,1.69,1.81,3.69,4.66
D2,25/09/2018,Bochum,Dresden,0,1,A,0,1,A,17,10,6,2,11,13,3,2,1,2,0,0,2.14,3.4,3.3,2.15,3.4,3.3,2,3.3,3.6,2.24,3.45,3.38,2.2,3.4,3.1,2.2,3.5,3.25,39,2.26,2.17,3.52,3.39,3.6,3.28,37,1.86,1.79,2.08,2.01,17,-0.25,1.94,1.89,1.99,1.94,2.25,3.53,3.3
D2,25/09/2018,Darmstadt,Bielefeld,1,2,A,0,0,D,9,14,4,6,13,19,8,4,1,1,0,0,2.3,3.25,3.1,2.25,3.25,3.2,2.3,3.2,3,2.42,3.25,3.22,2.35,3.2,3,2.38,3.25,3.1,39,2.42,2.32,3.36,3.21,3.33,3.11,38,2.19,2.08,1.79,1.73,17,0,1.73,1.67,2.27,2.2,2.32,3.32,3.35
D2,25/09/2018,FC Koln,Ingolstadt,2,1,H,0,0,D,15,15,4,7,17,22,5,7,1,4,0,0,1.53,4,6,1.57,4,5.75,1.6,3.9,5,1.56,4.36,5.88,1.55,4.33,5.25,1.55,4.33,5.75,39,1.6,1.55,4.51,4.2,6.22,5.56,31,1.62,1.58,2.43,2.29,18,-1,2,1.91,1.98,1.91,1.49,4.82,6.26
D2,25/09/2018,Union Berlin,Holstein Kiel,2,0,H,0,0,D,14,8,6,2,14,10,7,6,1,1,0,0,2,3.4,3.75,2.05,3.4,3.6,2.2,3.2,3.2,2.03,3.52,3.91,2,3.5,3.5,2,3.6,3.7,39,2.2,2.01,3.65,3.46,3.93,3.61,38,1.8,1.75,2.13,2.05,17,-0.25,1.8,1.74,2.21,2.11,1.97,3.68,3.92
D2,26/09/2018,Erzgebirge Aue,Sandhausen,0,2,A,0,1,A,14,18,2,5,13,12,3,3,3,2,0,0,2.4,3.2,3,2.4,3.1,3.1,2.4,3.1,2.95,2.49,3.08,3.23,2.4,3.1,3,2.45,3.2,3,38,2.73,2.42,3.25,3.07,3.29,3.05,36,2.51,2.4,1.66,1.55,19,0,1.75,1.7,2.23,2.16,3.04,2.91,2.79
D2,26/09/2018,Magdeburg,Duisburg,3,3,D,0,1,A,11,10,3,4,12,17,3,1,2,5,0,0,2.14,3.3,3.4,2.25,3.2,3.3,2.3,3.2,3,2.33,3.33,3.25,2.25,3.25,3.1,2.3,3.3,3.2,37,2.38,2.26,3.34,3.24,3.42,3.21,36,2.13,2.04,1.84,1.75,18,-0.25,2,1.95,1.93,1.89,2.36,3.39,3.21
D2,26/09/2018,Regensburg,Heidenheim,2,1,H,2,1,H,11,16,3,5,17,14,1,3,3,1,0,0,2.04,3.4,3.6,2.05,3.4,3.6,2.2,3.3,3.1,2.03,3.77,3.56,2.05,3.6,3.3,2.1,3.6,3.4,37,2.2,2.04,3.77,3.5,3.66,3.44,36,1.77,1.71,2.21,2.11,18,-0.25,1.81,1.76,2.14,2.07,1.9,3.95,3.93
D2,26/09/2018,St Pauli,Paderborn,2,1,H,1,1,D,13,19,4,9,12,18,6,8,1,5,0,1,2.45,3.2,2.9,2.45,3.25,2.9,2.4,3.2,2.85,2.55,3.45,2.81,2.45,3.4,2.7,2.5,3.4,2.8,37,2.57,2.48,3.45,3.32,2.97,2.78,36,1.81,1.75,2.12,2.04,19,0,1.87,1.82,2.06,2.01,2.33,3.61,3.07
D2,27/09/2018,Greuther Furth,Hamburg,0,0,D,0,0,D,7,14,0,3,18,12,4,6,2,1,0,0,3.1,3.4,2.25,3.25,3.3,2.25,2.9,3.3,2.3,3.07,3.58,2.31,3,3.4,2.25,3.13,3.5,2.25,38,3.25,3.06,3.6,3.4,2.36,2.25,35,1.83,1.76,2.13,2.04,18,0,2.35,2.24,1.68,1.65,3.21,3.72,2.21
D2,28/09/2018,Bielefeld,FC Koln,1,3,A,0,1,A,11,11,2,8,17,15,5,2,2,2,0,0,3.6,3.6,1.9,3.6,3.5,2,3.3,3.3,2.1,3.6,3.81,2.03,3.5,3.6,1.95,3.6,3.8,1.95,36,3.66,3.49,3.83,3.64,2.1,1.99,33,1.64,1.6,2.43,2.29,18,0.25,2.2,2.13,1.76,1.73,3.46,3.99,2.03
D2,28/09/2018,Holstein Kiel,Darmstadt,4,2,H,3,2,H,14,16,6,3,10,12,7,4,2,3,1,0,2,3.5,3.6,1.95,3.5,3.8,2.05,3.3,3.5,2.07,3.51,3.78,2.05,3.4,3.5,2.05,3.5,3.6,37,2.12,2.02,3.57,3.43,3.86,3.64,35,1.95,1.86,2.01,1.92,19,-0.25,1.8,1.75,2.2,2.11,1.97,3.66,3.96
D2,29/09/2018,Duisburg,Regensburg,1,3,A,1,2,A,27,16,7,9,12,15,6,4,2,2,0,0,2.5,3.4,2.7,2.5,3.4,2.7,2.55,3.3,2.6,2.55,3.44,2.82,2.45,3.5,2.62,2.45,3.6,2.75,37,2.82,2.48,3.6,3.39,2.9,2.71,35,1.74,1.69,2.23,2.14,18,0,1.86,1.83,2.07,2,2.61,3.61,2.7
D2,29/09/2018,Heidenheim,Bochum,3,2,H,1,2,A,21,10,8,5,14,8,7,5,0,6,0,1,2.62,3.3,2.62,2.65,3.3,2.65,2.55,3.2,2.65,2.73,3.28,2.78,2.62,3.3,2.6,2.7,3.3,2.63,37,2.77,2.62,3.4,3.25,2.8,2.66,34,1.95,1.89,1.98,1.89,18,0,1.98,1.91,1.97,1.92,2.54,3.46,2.88
D2,29/09/2018,Paderborn,Erzgebirge Aue,1,0,H,1,0,H,24,17,10,8,8,7,9,9,3,1,0,0,1.7,3.6,5,1.72,3.8,4.6,1.85,3.5,4,1.75,3.81,4.97,1.75,3.6,4.5,1.75,3.8,4.6,37,1.85,1.73,3.9,3.68,5,4.62,34,1.84,1.77,2.09,2.02,18,-1,2.55,2.32,1.67,1.61,1.64,4.37,5.05
D2,30/09/2018,Dresden,Greuther Furth,0,1,A,0,0,D,14,12,3,2,8,13,7,3,0,4,0,0,1.9,3.6,3.75,1.87,3.6,4,1.9,3.5,3.8,1.88,3.78,4.11,1.85,3.75,3.8,1.9,3.75,3.9,36,1.98,1.88,3.78,3.6,4.13,3.88,35,1.83,1.76,2.1,2.04,17,-0.75,2.2,2.14,1.75,1.72,1.88,3.77,4.23
D2,30/09/2018,Hamburg,St Pauli,0,0,D,0,0,D,7,11,1,5,13,18,6,2,2,3,0,0,1.83,3.75,4,1.85,3.6,4.2,1.85,3.5,4,1.88,3.46,4.52,1.85,3.6,4,1.85,3.75,4.1,36,2.04,1.85,3.75,3.55,4.55,4.18,35,1.79,1.73,2.14,2.06,17,-0.75,2.13,2.08,1.83,1.76,1.98,3.45,4.22
D2,30/09/2018,Sandhausen,Magdeburg,0,1,A,0,0,D,7,7,2,2,14,9,1,3,0,2,0,0,2.14,3.25,3.6,2.25,3.1,3.4,2.3,3,3.2,2.24,3.14,3.66,2.2,3.1,3.4,2.2,3.25,3.5,34,2.3,2.22,3.25,3.11,3.66,3.44,32,2.4,2.31,1.65,1.59,17,-0.25,1.92,1.88,2.01,1.96,2.3,3.14,3.6
D2,01/10/2018,Ingolstadt,Union Berlin,1,2,A,0,1,A,8,17,2,5,17,15,2,8,3,1,0,0,2.3,3.2,3.1,2.4,3.2,3,2.4,3.3,2.75,2.4,3.28,3.18,2.3,3.4,2.9,2.38,3.5,2.9,34,2.47,2.32,3.5,3.29,3.18,3,32,1.95,1.86,1.99,1.92,18,0,1.74,1.69,2.26,2.17,2.43,3.4,3.08
D2,05/10/2018,Bochum,Bielefeld,1,0,H,1,0,H,11,20,3,5,8,14,2,11,1,3,0,0,2.2,3.3,3.25,2.2,3.4,3.2,2.2,3.2,3.2,2.25,3.49,3.34,2.2,3.4,3.1,2.25,3.4,3.25,34,2.3,2.21,3.5,3.31,3.4,3.22,32,1.91,1.85,2.02,1.94,14,-0.25,1.95,1.9,1.98,1.92,2.24,3.51,3.34
D2,05/10/2018,Darmstadt,Hamburg,1,2,A,0,2,A,11,10,2,4,11,12,5,4,2,3,0,0,3.1,3.25,2.3,3.1,3.3,2.3,2.75,3.3,2.4,3.11,3.38,2.42,3,3.25,2.35,3.1,3.25,2.38,34,3.18,3.03,3.38,3.25,2.46,2.36,33,2.15,2.04,1.85,1.75,15,0,2.28,2.16,1.75,1.69,3.16,3.35,2.4
D2,06/10/2018,Erzgebirge Aue,Holstein Kiel,2,1,H,0,1,A,18,10,6,2,16,11,3,3,2,4,0,1,3.1,3.1,2.4,3,3.1,2.45,2.6,3.2,2.6,3.1,3.29,2.44,2.9,3.2,2.4,2.9,3.25,2.5,35,3.2,2.99,3.3,3.19,2.6,2.41,33,2.07,1.99,1.89,1.8,17,0,2.21,2.12,1.85,1.73,3.2,3.57,2.28
D2,06/10/2018,Greuther Furth,Regensburg,1,1,D,0,0,D,13,13,3,6,9,14,4,6,2,1,0,0,2.4,3.25,2.9,2.5,3.4,2.75,2.4,3.3,2.75,2.53,3.47,2.83,2.45,3.5,2.62,2.5,3.6,2.7,34,2.54,2.46,3.6,3.42,2.93,2.75,30,1.71,1.63,2.3,2.21,17,0,1.89,1.82,2.06,2,2.48,3.69,2.8
D2,06/10/2018,Magdeburg,Dresden,2,2,D,0,2,A,20,7,8,4,8,17,7,2,2,2,0,0,2.62,3.1,2.75,2.75,3.1,2.7,2.6,3.2,2.6,2.85,3.05,2.79,2.75,3.1,2.62,2.8,3.2,2.63,33,2.85,2.72,3.22,3.09,2.86,2.68,32,2.1,2.04,1.83,1.76,16,0,2,1.94,1.93,1.89,2.47,3.32,3.07
D2,07/10/2018,Ingolstadt,Paderborn,1,2,A,0,1,A,19,15,6,6,16,10,10,9,3,3,0,0,2.5,3.25,2.8,2.5,3.3,2.8,2.3,3.3,2.9,2.52,3.54,2.8,2.45,3.5,2.62,2.5,3.6,2.7,34,2.58,2.46,3.6,3.4,2.9,2.73,33,1.77,1.65,2.31,2.2,16,0,1.88,1.82,2.05,2,2.46,3.65,2.85
D2,07/10/2018,St Pauli,Sandhausen,3,1,H,1,0,H,12,14,5,3,14,14,0,1,2,3,0,0,2,3.3,3.75,2,3.3,3.9,2,3.3,3.6,2.1,3.28,3.9,2.1,3.25,3.5,2.1,3.3,3.7,33,2.13,2.06,3.4,3.22,3.93,3.72,31,2.45,2.22,1.72,1.64,15,-0.25,1.84,1.79,2.11,2.05,2.28,3.15,3.64
D2,07/10/2018,Union Berlin,Heidenheim,1,1,D,0,0,D,16,12,4,3,17,16,6,3,3,4,0,0,1.7,3.6,5,1.72,3.6,5,1.8,3.5,4.2,1.75,3.64,5.08,1.75,3.7,4.4,1.75,3.75,4.75,32,1.8,1.73,3.8,3.63,5.13,4.77,30,1.94,1.86,1.99,1.92,15,-1,2.45,2.3,1.65,1.61,1.78,3.83,4.7
D2,08/10/2018,FC Koln,Duisburg,1,2,A,1,1,D,18,12,6,4,12,18,13,4,3,2,0,0,1.4,4.75,7,1.4,4.75,7.25,1.4,4.5,7,1.39,4.89,8,1.38,5,7,1.4,5,7.5,33,1.44,1.39,5.05,4.77,8.4,7.19,31,1.53,1.49,2.6,2.51,16,-1.5,2.16,2.07,1.83,1.76,1.31,5.64,9.58
D2,19/10/2018,Dresden,Erzgebirge Aue,1,1,D,1,1,D,15,12,6,5,12,14,8,5,3,3,0,1,2,3.5,3.6,1.95,3.4,3.9,1.85,3.45,4,2.07,3.34,3.98,2.05,3.4,3.5,2.05,3.4,3.7,35,2.08,2,3.6,3.34,4.2,3.81,33,2,1.93,1.93,1.85,15,-0.25,1.78,1.73,2.38,2.13,2.09,3.35,3.91
D2,19/10/2018,Sandhausen,Ingolstadt,4,0,H,1,0,H,17,7,4,2,10,18,6,3,2,4,0,0,2.37,3.1,3.2,2.4,3.1,3.1,2.5,3.2,2.75,2.47,3.1,3.31,2.45,3,3,2.45,3.1,3.13,35,2.51,2.42,3.2,3.05,3.4,3.12,33,2.43,2.29,1.73,1.6,15,-0.25,2.09,2.04,1.86,1.8,2.44,3.21,3.22
D2,20/10/2018,Bielefeld,Greuther Furth,2,3,A,2,0,H,17,16,7,6,17,11,8,8,2,1,0,0,2,3.4,3.75,2.05,3.3,3.7,2.2,3.3,3.1,2.06,3.46,3.82,2.05,3.4,3.4,2.05,3.6,3.5,38,2.2,2.04,3.6,3.4,3.85,3.61,36,1.91,1.82,2.07,1.97,17,-0.25,1.83,1.76,2.17,2.11,1.87,3.78,4.26
D2,20/10/2018,Heidenheim,Magdeburg,3,0,H,2,0,H,9,19,5,8,16,10,2,8,0,4,0,1,2.2,3.2,3.4,2.15,3.2,3.6,2.3,3.3,2.9,2.19,3.39,3.57,2.2,3.25,3.25,2.3,3.2,3.3,34,2.3,2.19,3.45,3.24,3.6,3.41,33,2.15,2.05,1.82,1.76,16,-0.25,1.95,1.89,2.03,1.95,2.36,3.29,3.29
D2,20/10/2018,Holstein Kiel,FC Koln,1,1,D,0,1,A,8,9,1,3,13,14,7,7,1,3,0,0,3.8,3.6,1.9,3.8,3.5,1.95,3.3,3.3,2.1,3.65,3.78,2.01,3.4,3.7,2,3.6,3.7,2,36,3.85,3.61,3.8,3.61,2.1,1.98,32,1.6,1.56,2.5,2.37,17,0.25,2.23,2.15,1.75,1.72,4.04,3.93,1.88
D2,21/10/2018,Hamburg,Bochum,0,0,D,0,0,D,18,11,4,2,14,15,6,1,1,2,0,0,1.9,3.6,3.8,1.9,3.5,4,1.9,3.45,3.8,1.92,3.54,4.25,1.91,3.5,3.8,1.95,3.5,4,37,1.95,1.89,3.75,3.5,4.33,4.01,35,1.85,1.78,2.1,2.02,16,-0.75,2.21,2.16,1.76,1.72,1.89,3.6,4.39
D2,21/10/2018,Paderborn,Union Berlin,0,0,D,0,0,D,7,7,2,1,12,23,3,2,1,3,0,0,2.2,3.4,3.2,2.3,3.4,3,2.3,3.3,2.9,2.42,3.33,3.1,2.38,3.25,2.88,2.4,3.4,2.9,35,2.45,2.33,3.6,3.34,3.2,2.98,34,1.75,1.67,2.3,2.16,17,0,1.76,1.7,2.25,2.18,2.57,3.54,2.79
D2,21/10/2018,Regensburg,Darmstadt,1,1,D,0,1,A,15,13,6,4,12,15,8,6,2,3,0,0,1.95,3.5,3.8,2.05,3.3,3.7,2.05,3.4,3.4,2.04,3.58,3.72,2.05,3.5,3.4,2.1,3.5,3.5,37,2.12,2.04,3.75,3.47,3.8,3.54,36,1.75,1.69,2.25,2.14,17,-0.25,1.85,1.77,2.15,2.07,2.21,3.54,3.38
D2,22/10/2018,Duisburg,St Pauli,0,1,A,0,0,D,10,15,3,4,15,8,0,5,1,2,0,0,2.4,3.3,2.87,2.55,3.3,2.75,2.6,3.2,2.6,2.55,3.26,2.96,2.45,3.3,2.8,2.45,3.4,2.88,37,2.6,2.47,3.45,3.26,3,2.84,35,2,1.89,1.95,1.88,18,0,1.85,1.78,2.14,2.06,2.82,3.39,2.63
D2,26/10/2018,Darmstadt,Greuther Furth,2,0,H,1,0,H,10,9,5,1,15,11,4,4,1,1,0,0,2.1,3.25,3.5,2.2,3.2,3.4,2.4,3.2,2.85,2.23,3.37,3.49,2.2,3.3,3.2,2.2,3.4,3.3,34,2.42,2.2,3.44,3.24,3.5,3.33,33,2.11,2.04,1.85,1.75,15,-0.25,1.96,1.89,2,1.94,2.18,3.48,3.51
D2,26/10/2018,Magdeburg,Hamburg,0,1,A,0,0,D,8,13,5,8,7,10,4,7,3,2,0,1,3.1,3.4,2.25,3.3,3.25,2.25,3.1,3.3,2.2,3.37,3.31,2.31,3.2,3.3,2.2,3.2,3.4,2.25,33,3.45,3.22,3.55,3.25,2.32,2.25,32,2.07,2,1.93,1.79,14,0.25,1.99,1.9,2,1.92,3.18,3.37,2.38
D2,27/10/2018,Erzgebirge Aue,Bielefeld,1,0,H,0,0,D,15,8,4,1,13,14,6,5,2,3,0,0,2.62,3.2,2.75,2.6,3.1,2.85,2.4,3.2,2.85,2.66,3.34,2.81,2.55,3.3,2.7,2.6,3.4,2.7,37,2.71,2.59,3.4,3.23,2.87,2.74,35,2.05,1.98,1.88,1.81,18,0,1.92,1.86,2,1.96,2.74,3.32,2.75
D2,27/10/2018,FC Koln,Heidenheim,1,1,D,0,1,A,28,9,10,1,11,23,9,6,2,3,0,0,1.36,5,7.5,1.4,4.75,7.25,1.45,4,7,1.42,4.8,7.69,1.42,4.8,6.5,1.4,5,7.5,36,1.48,1.41,5,4.71,8.03,7.09,32,1.56,1.51,2.65,2.48,18,-1.5,2.19,2.13,1.8,1.74,1.49,4.45,6.98
D2,27/10/2018,Paderborn,Sandhausen,3,3,D,1,2,A,24,11,6,4,7,15,10,4,2,2,0,0,2.04,3.4,3.5,2,3.3,3.9,1.9,3.4,3.9,2.1,3.45,3.77,2.05,3.4,3.5,2.1,3.4,3.6,36,2.1,2.03,3.55,3.34,4.11,3.7,34,2.03,1.92,1.95,1.87,16,-0.25,1.8,1.75,2.2,2.11,2.12,3.46,3.69
D2,28/10/2018,Ingolstadt,Duisburg,1,1,D,0,0,D,20,14,4,3,19,11,6,5,1,1,0,0,2.1,3.3,3.5,2.15,3.3,3.4,2.15,3.2,3.3,2.2,3.32,3.53,2.1,3.4,3.3,2.1,3.5,3.5,36,2.25,2.15,3.55,3.32,3.53,3.33,34,1.9,1.81,2.05,1.97,16,-0.25,1.9,1.85,2.07,1.98,2.28,3.49,3.27
D2,28/10/2018,St Pauli,Holstein Kiel,0,1,A,0,0,D,17,9,6,4,10,14,7,6,1,2,0,0,2.37,3.2,3.1,2.35,3.3,3,2.3,3.3,2.9,2.32,3.48,3.13,2.3,3.3,3,2.45,3.4,2.88,36,2.45,2.31,3.55,3.35,3.16,3,34,1.9,1.82,2.05,1.97,17,0,1.82,1.69,2.29,2.18,2.23,3.58,3.29
D2,28/10/2018,Union Berlin,Dresden,0,0,D,0,0,D,15,9,4,1,20,11,5,7,1,4,0,1,1.75,3.75,4.5,1.75,3.75,4.6,1.85,3.45,4,1.78,3.8,4.59,1.75,3.75,4.33,1.75,3.75,4.6,36,1.85,1.76,3.95,3.68,4.75,4.45,34,1.86,1.79,2.07,1.99,16,-0.75,2.03,1.97,1.92,1.86,1.96,3.64,4.03
D2,29/10/2018,Bochum,Regensburg,3,3,D,1,1,D,12,13,5,6,11,16,5,7,0,2,0,0,2,3.3,3.75,2.1,3.4,3.5,2.1,3.3,3.3,2.17,3.56,3.39,2.1,3.6,3.2,2.1,3.75,3.2,35,2.2,2.1,3.75,3.51,3.75,3.28,33,1.7,1.64,2.35,2.2,15,0,1.62,1.55,2.5,2.43,2.14,3.75,3.37
D2,02/11/2018,Dresden,Sandhausen,3,1,H,2,1,H,10,12,4,2,15,12,1,6,3,2,0,0,2.25,3.2,3.25,2.2,3.3,3.3,2.3,3.1,3.1,2.38,3.2,3.34,2.35,3.2,3,2.38,3.3,3.1,37,2.45,2.32,3.32,3.19,3.42,3.17,36,2.2,2.06,1.82,1.75,18,0,1.71,1.65,2.34,2.25,2.39,3.25,3.27
D2,02/11/2018,Greuther Furth,Bochum,2,2,D,0,2,A,16,11,5,5,18,20,3,5,4,3,0,0,2.6,3.3,2.62,2.55,3.3,2.75,2.55,3.25,2.6,2.69,3.4,2.74,2.6,3.3,2.62,2.6,3.4,2.7,37,2.75,2.6,3.45,3.29,2.8,2.68,35,2.02,1.91,1.95,1.88,18,0,1.93,1.88,2,1.94,2.74,3.4,2.69
D2,03/11/2018,Darmstadt,Magdeburg,3,1,H,1,0,H,6,7,3,2,14,15,3,3,3,4,1,1,2.1,3.2,3.6,2.15,3.1,3.7,2.1,3.3,3.3,2.21,3.2,3.7,2.15,3.1,3.5,2.2,3.2,3.6,35,2.25,2.16,3.3,3.14,3.81,3.57,32,2.38,2.27,1.67,1.61,18,-0.25,1.9,1.85,2.05,1.99,2.42,3.2,3.28
D2,03/11/2018,Duisburg,Paderborn,2,0,H,1,0,H,9,18,3,9,9,17,1,9,1,3,0,0,3.1,3.3,2.3,2.85,3.4,2.4,2.6,3.2,2.6,3,3.62,2.37,2.8,3.5,2.35,2.9,3.4,2.4,37,3.1,2.89,3.7,3.45,2.6,2.35,35,1.73,1.67,2.3,2.17,19,0,2.25,2.15,1.85,1.72,2.96,3.67,2.38
D2,03/11/2018,Holstein Kiel,Ingolstadt,2,2,D,0,0,D,10,14,5,5,10,11,5,5,1,2,0,0,1.83,3.6,4.2,1.87,3.5,4.2,1.85,3.55,3.85,1.89,3.64,4.33,1.88,3.6,3.8,1.87,3.7,4.1,36,1.95,1.87,3.85,3.59,4.33,4.03,35,1.75,1.7,2.2,2.12,18,-0.75,2.2,2.13,1.8,1.74,2.1,3.57,3.61
D2,04/11/2018,Bielefeld,St Pauli,1,2,A,1,0,H,16,14,5,8,19,12,6,3,3,2,0,0,2.45,3.25,2.9,2.6,3.2,2.75,2.6,3.2,2.6,2.67,3.18,2.88,2.6,3.2,2.7,2.6,3.3,2.75,37,2.67,2.57,3.4,3.19,2.9,2.77,35,1.97,1.9,1.95,1.89,19,0,1.92,1.86,2.05,1.98,2.81,3.32,2.67
D2,04/11/2018,Heidenheim,Erzgebirge Aue,1,0,H,0,0,D,23,13,8,4,10,16,13,1,5,3,0,1,2,3.3,3.75,2.05,3.3,3.75,2.05,3.25,3.55,2.14,3.26,3.78,2.1,3.25,3.5,2.15,3.3,3.6,37,2.15,2.09,3.45,3.26,3.83,3.62,36,2.09,2.01,1.85,1.79,18,-0.25,1.85,1.81,2.1,2.05,2.21,3.41,3.5
D2,04/11/2018,Regensburg,Union Berlin,1,1,D,1,1,D,18,15,3,3,12,14,7,4,3,3,0,1,2.54,3.2,2.8,2.5,3.2,2.9,2.6,3.2,2.6,2.64,3.3,2.82,2.5,3.4,2.62,2.6,3.4,2.7,35,2.65,2.54,3.6,3.34,2.9,2.72,33,1.76,1.7,2.2,2.12,18,0,1.95,1.86,2.02,1.97,2.74,3.33,2.73
D2,05/11/2018,Hamburg,FC Koln,1,0,H,0,0,D,23,11,9,3,14,17,8,1,1,3,0,0,2.7,3.2,2.62,2.55,3.4,2.65,2.6,3.2,2.6,2.77,3.41,2.62,2.62,3.5,2.5,2.7,3.5,2.55,34,2.77,2.66,3.6,3.39,2.65,2.55,33,1.75,1.69,2.25,2.14,18,0,2.02,1.96,1.92,1.86,2.99,3.49,2.44
D2,09/11/2018,Paderborn,Holstein Kiel,4,4,D,3,1,H,14,18,6,11,12,12,4,6,3,1,0,0,1.9,3.6,3.75,1.95,3.8,3.5,2.2,3.3,3.1,1.99,3.91,3.64,2,3.75,3.25,2.05,3.8,3.4,34,2.2,1.97,3.93,3.72,3.85,3.48,31,1.57,1.5,2.7,2.53,13,-0.5,2.04,1.97,1.92,1.86,1.94,4,3.72
D2,09/11/2018,Sandhausen,Duisburg,0,0,D,0,0,D,15,7,3,6,9,12,7,5,3,1,0,0,2.1,3.3,3.5,2.1,3.25,3.6,2.2,3.2,3.2,2.17,3.35,3.66,2.2,3.25,3.3,2.2,3.3,3.4,34,2.22,2.14,3.4,3.24,3.8,3.49,33,2.2,2.1,1.77,1.71,14,-0.25,1.92,1.85,2.05,1.98,2.2,3.35,3.6
D2,10/11/2018,Erzgebirge Aue,Hamburg,1,3,A,1,1,D,10,18,1,4,13,15,4,4,1,2,0,0,3.6,3.3,2.04,4,3.25,2,3.3,3.3,2.1,4.03,3.37,2.05,3.7,3.3,2,3.9,3.3,2.05,37,4.26,3.81,3.55,3.32,2.1,2,36,2.12,2.04,1.85,1.76,18,0.25,2.25,2.14,1.78,1.72,4.32,3.65,1.89
D2,10/11/2018,FC Koln,Dresden,8,1,H,2,0,H,15,9,12,3,13,20,5,1,2,3,0,0,1.5,4,6.5,1.5,4.1,6.5,1.55,4,5.5,1.53,4.34,6.47,1.52,4.33,5.5,1.5,4.4,6.25,37,1.55,1.5,4.65,4.27,6.85,6.03,33,1.61,1.55,2.55,2.4,20,-1,1.9,1.82,2.1,2.02,1.56,4.12,6.49
D2,10/11/2018,St Pauli,Heidenheim,1,1,D,0,0,D,19,14,5,2,13,7,14,3,4,0,0,0,1.95,3.3,4,2,3.4,3.75,2.1,3.3,3.3,2.01,3.39,4.16,2,3.3,3.7,2,3.4,3.9,36,2.1,1.98,3.6,3.37,4.26,3.83,34,2.02,1.94,1.93,1.85,18,-0.25,1.74,1.7,2.26,2.18,1.97,3.49,4.17
D2,11/11/2018,Ingolstadt,Bielefeld,1,1,D,0,0,D,17,15,3,2,13,15,6,7,0,3,0,0,2.25,3.3,3.2,2.2,3.4,3.2,2.2,3.3,3.1,2.25,3.3,3.44,2.25,3.25,3.1,2.25,3.4,3.2,35,2.3,2.2,3.55,3.33,3.45,3.23,33,1.9,1.83,2.05,1.95,16,-0.25,1.97,1.92,2,1.93,2.11,3.63,3.54
D2,11/11/2018,Magdeburg,Regensburg,2,3,A,1,1,D,16,18,4,7,10,18,5,5,0,2,0,0,2.54,3.3,2.62,2.6,3.25,2.7,2.6,3.2,2.6,2.77,3.38,2.64,2.6,3.3,2.62,2.7,3.3,2.63,35,2.8,2.63,3.45,3.28,2.9,2.63,33,1.94,1.87,2.02,1.92,17,0,2,1.92,1.97,1.91,2.81,3.43,2.61
D2,11/11/2018,Union Berlin,Greuther Furth,4,0,H,3,0,H,15,17,10,3,16,16,6,3,2,1,0,0,1.72,3.4,5.25,1.75,3.6,4.75,1.9,3.45,3.8,1.78,3.53,5.11,1.75,3.5,4.75,1.75,3.6,4.8,36,1.9,1.76,3.75,3.54,5.25,4.69,34,2,1.9,2.05,1.88,17,-0.75,2.05,1.96,1.94,1.88,1.79,3.8,4.73
D2,12/11/2018,Bochum,Darmstadt,1,0,H,0,0,D,15,7,5,2,11,21,8,1,0,3,0,0,2.04,3.4,3.5,2.1,3.3,3.5,2.1,3.3,3.3,2.12,3.32,3.77,2.1,3.25,3.4,2.1,3.4,3.6,36,2.15,2.08,3.45,3.31,3.77,3.52,34,2.05,1.96,1.9,1.82,17,-0.25,1.85,1.8,2.1,2.05,2.05,3.45,3.91
D2,23/11/2018,Bielefeld,Duisburg,0,1,A,0,0,D,13,6,1,4,18,10,7,5,1,2,0,0,2.37,3.4,2.87,2.3,3.3,3.1,2.3,3.2,3,2.44,3.28,3.16,2.35,3.2,3,2.45,3.3,3,37,2.45,2.36,3.4,3.24,3.2,3.03,36,2.1,2.02,1.85,1.78,20,0,1.77,1.7,2.25,2.19,2.26,3.42,3.38
D2,23/11/2018,Greuther Furth,Magdeburg,3,2,H,1,1,D,15,13,6,9,16,11,4,8,4,1,0,0,2.3,3.2,3.2,2.25,3.3,3.2,2.3,3.15,3.05,2.4,3.28,3.23,2.3,3.2,3.1,2.38,3.3,3.1,35,2.41,2.32,3.45,3.22,3.4,3.12,33,2.01,1.94,1.92,1.85,19,-0.25,2.06,2,1.9,1.84,2.52,3.27,3.05
D2,24/11/2018,Bochum,Erzgebirge Aue,2,1,H,0,1,A,19,4,5,2,14,18,7,0,3,4,0,0,1.8,3.75,4.2,1.83,3.5,4.33,1.75,3.5,4.45,1.83,3.49,5.01,1.75,3.4,4.8,1.8,3.6,4.6,37,1.83,1.79,3.75,3.47,5.01,4.54,35,2.07,1.97,1.89,1.82,19,-0.75,2.11,2.06,1.85,1.8,1.81,3.67,4.75
D2,24/11/2018,Darmstadt,FC Koln,0,3,A,0,0,D,11,10,3,4,12,15,8,3,3,1,0,0,4.5,3.75,1.75,4.33,3.6,1.83,4.2,3.65,1.75,4.6,3.76,1.8,4.5,3.6,1.75,4.4,3.75,1.8,36,4.75,4.38,3.9,3.69,1.83,1.77,34,1.76,1.7,2.2,2.12,19,0.75,1.9,1.84,2.07,2,4.83,4,1.73
D2,24/11/2018,Holstein Kiel,Sandhausen,2,1,H,2,0,H,9,21,2,5,13,16,1,7,4,1,0,0,2.04,3.4,3.5,2.1,3.3,3.5,2.05,3.35,3.35,2.15,3.44,3.57,2.1,3.3,3.4,2.15,3.4,3.5,37,2.16,2.11,3.55,3.34,3.62,3.41,35,1.93,1.85,2.03,1.94,19,-0.25,1.86,1.82,2.09,2.02,2.07,3.66,3.62
D2,25/11/2018,Dresden,Ingolstadt,2,0,H,2,0,H,17,7,6,3,18,14,5,0,1,1,0,1,2.25,3.4,3.1,2.25,3.3,3.25,2.25,3.35,2.95,2.38,3.41,3.09,2.3,3.3,3,2.3,3.4,3.1,37,2.43,2.29,3.55,3.33,3.25,3.02,36,1.81,1.76,2.15,2.04,20,0,1.75,1.69,2.29,2.2,2.49,3.3,3.07
D2,25/11/2018,Heidenheim,Paderborn,1,5,A,1,2,A,17,24,5,8,10,13,6,6,1,2,0,0,2.54,3.3,2.7,2.5,3.3,2.8,2.45,3.45,2.6,2.59,3.39,2.81,2.5,3.4,2.62,2.63,3.5,2.55,37,2.63,2.52,3.65,3.38,2.89,2.67,33,1.69,1.56,2.5,2.36,20,0,1.98,1.87,2.02,1.96,2.51,3.57,2.84
D2,25/11/2018,Regensburg,St Pauli,1,1,D,0,1,A,27,11,6,4,12,17,7,4,0,4,0,0,2.37,3.3,2.9,2.45,3.3,2.9,2.3,3.3,2.9,2.42,3.38,3.05,2.38,3.25,2.9,2.45,3.4,2.88,36,2.52,2.39,3.5,3.31,3.06,2.92,34,1.86,1.79,2.1,2,20,0,1.82,1.74,2.2,2.12,2.37,3.66,2.97
D2,26/11/2018,Hamburg,Union Berlin,2,2,D,0,1,A,15,10,5,4,10,11,5,3,0,3,0,0,1.95,3.3,4,2,3.25,4,1.97,3.2,3.9,2.05,3.14,4.31,1.95,3.2,4,2.05,3.3,3.9,35,2.06,1.99,3.5,3.19,4.31,3.94,34,2.26,2.14,1.75,1.68,18,-0.25,1.75,1.71,2.25,2.16,2.34,3.09,3.57
D2,30/11/2018,Erzgebirge Aue,Regensburg,1,1,D,1,1,D,17,19,4,3,21,14,9,8,3,3,0,0,2.9,3.5,2.3,3,3.2,2.4,2.75,3.3,2.4,2.88,3.55,2.49,2.8,3.4,2.4,2.8,3.5,2.45,37,3,2.82,3.55,3.37,2.56,2.42,36,1.84,1.77,2.15,2.03,17,0,2.12,2.05,1.83,1.78,3.4,3.59,2.18
D2,30/11/2018,Paderborn,Bielefeld,2,2,D,0,0,D,13,11,6,5,20,20,4,5,2,5,0,0,1.61,4,5,1.67,4,4.75,1.8,3.6,4.1,1.68,4.2,4.97,1.63,4,4.8,1.65,4.2,4.8,36,1.8,1.66,4.3,4.04,5,4.72,33,1.58,1.5,2.6,2.51,16,-0.75,1.88,1.81,2.09,2.02,1.68,4.23,4.92
D2,01/12/2018,FC Koln,Greuther Furth,4,0,H,1,0,H,18,7,10,3,4,11,11,6,0,3,0,1,1.36,4.75,8,1.36,5,8,1.45,4,7,1.41,4.94,7.66,1.36,5,7.5,1.4,5.2,7,37,1.45,1.38,5.25,4.89,8,7.29,32,1.5,1.45,2.85,2.66,21,-1.5,2.16,2.06,1.85,1.78,1.39,5.13,7.98
D2,01/12/2018,Ingolstadt,Hamburg,1,2,A,0,1,A,16,16,5,3,17,19,4,6,5,3,0,0,3.3,3.5,2.1,3.3,3.4,2.15,3.2,3.3,2.15,3.65,3.29,2.2,3.4,3.3,2.1,3.3,3.5,2.15,37,3.91,3.42,3.5,3.3,2.2,2.13,36,1.95,1.87,2,1.91,19,0.25,2.05,1.99,1.91,1.85,4.19,3.83,1.87
D2,01/12/2018,St Pauli,Dresden,1,1,D,0,0,D,9,10,5,3,12,10,1,3,2,2,0,0,1.95,3.3,4,2,3.4,3.75,2.1,3.3,3.3,2.04,3.38,4.06,2,3.25,3.8,2.05,3.4,3.75,37,2.1,2,3.52,3.34,4.23,3.8,36,2.02,1.94,1.94,1.85,18,-0.5,2.08,2.02,1.88,1.82,2.03,3.46,3.98
D2,01/12/2018,Union Berlin,Darmstadt,3,1,H,2,0,H,16,8,3,3,12,12,8,2,0,1,0,0,1.72,3.6,4.75,1.78,3.5,4.75,1.75,3.5,4.5,1.77,3.5,5.4,1.7,3.6,5,1.73,3.8,4.8,37,1.78,1.73,3.8,3.5,5.4,4.96,36,2.08,1.99,1.86,1.8,19,-0.75,2.01,1.96,1.95,1.88,1.88,3.44,4.74
D2,02/12/2018,Duisburg,Holstein Kiel,0,4,A,0,0,D,6,16,2,7,18,7,5,3,4,1,0,0,2.5,3.3,2.8,2.55,3.25,2.75,2.55,3.2,2.65,2.7,3.17,2.85,2.6,3.2,2.7,2.6,3.3,2.75,37,2.75,2.58,3.35,3.22,2.88,2.74,36,1.9,1.82,2.05,1.97,20,0,1.92,1.86,2.02,1.97,2.66,3.57,2.67
D2,02/12/2018,Magdeburg,Bochum,0,0,D,0,0,D,13,8,3,1,19,11,5,8,1,4,0,0,2.9,3.2,2.45,2.9,3.25,2.45,2.85,3.2,2.4,2.89,3.35,2.55,2.8,3.2,2.45,2.8,3.3,2.55,36,3.09,2.83,3.4,3.24,2.57,2.47,35,2.01,1.93,1.96,1.85,19,0,2.12,2.04,1.87,1.81,3.14,3.47,2.35
D2,02/12/2018,Sandhausen,Heidenheim,1,2,A,1,2,A,12,7,5,3,11,20,6,4,1,3,0,0,2.3,3.2,3.1,2.4,3.1,3.1,2.6,3.2,2.6,2.45,3.03,3.34,2.3,3.1,3.2,2.4,3.2,3.1,36,2.6,2.38,3.2,3.08,3.34,3.12,35,2.2,2.11,1.79,1.71,20,0,1.85,1.68,2.3,2.21,2.21,3.37,3.53
D2,07/12/2018,Hamburg,Paderborn,1,0,H,1,0,H,10,11,4,2,9,16,4,2,2,3,0,0,1.66,4,4.5,1.72,4,4.4,1.75,3.6,4.4,1.71,4.26,4.6,1.67,4,4.5,1.7,4.1,4.6,37,1.75,1.69,4.3,4.04,4.81,4.47,31,1.6,1.52,2.6,2.46,20,-1,2.3,2.18,1.75,1.69,1.71,4.19,4.71
D2,07/12/2018,Regensburg,FC Koln,1,3,A,0,2,A,18,14,5,6,19,9,9,2,3,4,1,0,3.4,3.75,2,3.5,3.8,1.95,3.6,3.3,2,3.72,3.89,1.97,3.6,3.75,1.91,3.5,3.9,1.95,36,3.8,3.52,4.1,3.77,2,1.95,31,1.5,1.43,2.9,2.73,19,0.5,1.95,1.89,2,1.95,3.57,3.68,2.08
D2,08/12/2018,Darmstadt,Ingolstadt,1,1,D,0,1,A,18,6,1,2,13,21,8,2,2,5,0,1,2.4,3.25,2.9,2.45,3.1,3,2.35,3.1,3,2.51,3.15,3.14,2.4,3.1,3,2.45,3.25,3,37,2.61,2.42,3.25,3.13,3.26,3.02,35,2.13,2.03,1.85,1.77,20,0,1.81,1.74,2.25,2.13,2.67,3.36,2.79
D2,08/12/2018,Greuther Furth,Erzgebirge Aue,0,5,A,0,1,A,19,15,0,8,11,11,8,9,1,4,0,0,2.2,3.3,3.3,2.1,3.25,3.6,2.15,3.25,3.3,2.2,3.37,3.58,2.15,3.25,3.4,2.2,3.3,3.4,37,2.21,2.15,3.4,3.28,3.6,3.42,34,2.02,1.91,1.95,1.87,19,-0.5,2.21,2.15,1.78,1.72,2.36,3.41,3.18
D2,08/12/2018,Heidenheim,Duisburg,4,1,H,1,0,H,13,12,6,5,9,11,5,3,0,4,0,0,1.95,3.4,3.8,2.1,3.3,3.5,2.05,3.3,3.5,2.11,3.37,3.81,2.05,3.25,3.6,2.1,3.4,3.6,37,2.16,2.08,3.5,3.31,3.81,3.55,34,2,1.9,1.95,1.89,19,-0.25,1.82,1.79,2.11,2.06,2.01,3.61,3.89
D2,09/12/2018,Bielefeld,Sandhausen,1,1,D,0,0,D,14,3,5,2,15,17,7,1,2,3,0,0,2.14,3.3,3.4,2.25,3.2,3.3,2.2,3.2,3.2,2.32,3.23,3.37,2.25,3.2,3.25,2.25,3.3,3.3,36,2.38,2.24,3.35,3.21,3.42,3.27,34,2.11,2.03,1.85,1.77,18,-0.25,1.97,1.92,1.97,1.91,2.55,3.28,3.01
D2,09/12/2018,Dresden,Holstein Kiel,0,2,A,0,2,A,16,9,8,5,11,9,5,1,1,1,0,0,2.5,3.4,2.7,2.5,3.4,2.7,2.45,3.4,2.65,2.57,3.46,2.79,2.45,3.4,2.7,2.5,3.5,2.75,36,2.69,2.5,3.55,3.39,2.89,2.71,32,1.7,1.63,2.35,2.23,19,0,1.91,1.85,2.05,1.99,2.79,3.62,2.52
D2,09/12/2018,Magdeburg,Union Berlin,1,1,D,1,0,H,11,11,5,2,10,22,4,2,2,4,0,0,3.4,3.2,2.2,3.4,3.2,2.2,3.35,3.1,2.15,3.63,3.16,2.24,3.5,3.1,2.15,3.4,3.3,2.2,33,3.72,3.45,3.3,3.18,2.25,2.18,32,2.25,2.13,1.76,1.7,18,0.5,1.75,1.7,2.25,2.17,3.46,3.25,2.3
D2,10/12/2018,Bochum,St Pauli,1,3,A,1,2,A,22,16,6,6,11,18,7,4,2,3,0,0,2.25,3.1,3.4,2.3,3.3,3.1,2.2,3.2,3.2,2.24,3.27,3.5,2.15,3.2,3.4,2.25,3.3,3.3,36,2.34,2.22,3.35,3.22,3.5,3.3,34,2.11,2.02,1.85,1.77,18,-0.25,1.97,1.91,1.97,1.92,2.03,3.49,3.94
D2,14/12/2018,Duisburg,Hamburg,1,2,A,1,2,A,14,10,2,5,15,17,2,2,4,1,1,0,4.75,3.6,1.75,4.75,3.75,1.72,4.2,3.5,1.8,4.74,3.9,1.76,4.6,3.7,1.73,4.75,3.75,1.75,35,4.94,4.62,3.9,3.7,1.8,1.74,32,1.95,1.88,2,1.9,19,1,1.65,1.6,2.47,2.39,4.62,3.61,1.85
D2,14/12/2018,Holstein Kiel,Bielefeld,1,2,A,0,1,A,11,20,2,9,13,11,6,8,2,0,0,0,1.64,4,4.75,1.7,3.8,4.75,1.75,3.6,4.4,1.72,4.07,4.76,1.67,3.9,4.75,1.7,4,4.75,35,1.75,1.69,4.4,3.95,5.2,4.59,32,1.66,1.6,2.45,2.3,19,-1,2.3,2.23,1.73,1.67,1.75,4.05,4.58
D2,15/12/2018,Paderborn,Dresden,3,0,H,0,0,D,19,11,7,5,12,14,3,3,2,1,0,0,1.85,4,3.6,1.85,3.7,4,2,3.3,3.6,1.88,3.87,4.13,1.8,3.8,4,1.87,4,3.8,35,2,1.86,4,3.75,4.2,3.9,31,1.57,1.51,2.63,2.47,18,-0.75,2.16,2.09,1.82,1.78,1.92,3.96,3.86
D2,15/12/2018,St Pauli,Greuther Furth,2,0,H,1,0,H,15,11,3,2,13,13,8,12,1,3,0,0,1.7,3.6,5,1.75,3.6,4.75,1.8,3.5,4.2,1.73,3.69,5.23,1.7,3.6,5,1.75,3.8,4.6,35,1.83,1.72,3.85,3.63,5.23,4.86,32,1.97,1.87,2,1.92,18,-0.5,1.8,1.73,2.24,2.15,1.72,3.85,5.13
D2,15/12/2018,Union Berlin,Bochum,2,0,H,0,0,D,18,20,7,6,22,9,5,4,1,0,0,0,2,3.3,3.75,1.95,3.4,3.9,2,3.2,3.65,2.07,3.32,3.96,2,3.2,3.8,2.1,3.3,3.7,35,2.12,2.04,3.4,3.25,4.06,3.77,33,2.17,2.08,1.8,1.74,18,-0.5,2.12,2.06,1.85,1.8,2.05,3.44,3.93
D2,16/12/2018,Erzgebirge Aue,Darmstadt,2,2,D,0,0,D,12,19,6,5,15,12,4,6,5,3,0,0,2.37,3.25,3,2.4,3.2,3,2.3,3.2,3,2.55,3.23,2.99,2.45,3.2,2.88,2.45,3.3,3,35,2.59,2.45,3.3,3.15,3.04,2.94,32,2.26,2.16,1.75,1.68,18,0,1.8,1.75,2.19,2.1,2.48,3.22,3.15
D2,16/12/2018,Ingolstadt,Heidenheim,1,1,D,1,0,H,11,15,3,4,17,14,2,5,3,1,0,0,2.04,3.3,3.6,2.1,3.4,3.4,2.3,3.3,2.9,2.16,3.4,3.55,2.1,3.3,3.4,2.15,3.4,3.4,34,2.3,2.12,3.45,3.34,3.6,3.37,30,2,1.91,1.95,1.88,17,-0.5,2.3,2.14,1.79,1.73,2.21,3.47,3.43
D2,16/12/2018,Sandhausen,Regensburg,2,2,D,2,1,H,16,6,6,5,9,15,4,4,1,2,0,0,2.5,3.2,2.87,2.5,3.2,2.9,2.6,3.2,2.6,2.65,3.23,2.85,2.55,3.1,2.8,2.5,3.4,2.8,34,2.75,2.56,3.4,3.2,2.9,2.77,31,2.01,1.93,1.95,1.86,18,0,1.9,1.84,2.06,2,2.3,3.46,3.25
D2,17/12/2018,FC Koln,Magdeburg,3,0,H,1,0,H,18,11,10,1,10,13,2,4,1,0,0,0,1.33,5,8.5,1.36,5,8,1.3,5,9,1.36,4.88,8.89,1.35,4.8,8.5,1.36,5.2,7.5,33,1.41,1.36,5.25,4.92,9,7.92,28,1.51,1.46,2.76,2.62,20,-1.5,2.09,2.01,1.9,1.82,1.43,4.66,8.02
D2,21/12/2018,FC Koln,Bochum,2,3,A,1,1,D,17,9,8,5,20,19,8,1,3,4,0,0,1.44,4,7.5,1.48,4.33,6.5,1.5,4,6.1,1.53,4.29,6.6,1.47,4.2,6.5,1.53,4.3,6.25,33,1.57,1.5,4.47,4.21,7.5,6.21,29,1.62,1.58,2.5,2.35,19,-1,1.9,1.82,2.09,2.01,1.6,3.98,6.24
D2,21/12/2018,Sandhausen,Greuther Furth,0,0,D,0,0,D,13,4,4,1,17,14,2,0,3,2,0,0,1.8,3.4,4.75,1.8,3.6,4.5,1.77,3.5,4.4,1.81,3.73,4.68,1.78,3.5,4.5,1.83,3.6,4.5,33,1.9,1.8,3.73,3.53,4.75,4.44,31,2.11,2.02,1.85,1.77,16,-0.75,2.13,2.05,1.85,1.79,1.88,3.53,4.55
D2,22/12/2018,Bielefeld,Heidenheim,1,2,A,1,1,D,19,11,6,5,13,14,5,3,1,2,0,0,2,3.4,3.75,2.1,3.5,3.4,2.25,3.2,3.1,2.12,3.53,3.53,2.05,3.4,3.5,2.15,3.4,3.5,34,2.25,2.08,3.55,3.41,3.75,3.45,31,1.91,1.85,2.01,1.94,18,-0.25,1.86,1.8,2.13,2.05,2.12,3.57,3.57
D2,22/12/2018,Ingolstadt,Regensburg,1,2,A,1,1,D,10,9,3,3,12,25,5,3,2,1,0,0,2.14,3.3,3.4,2.25,3.4,3.1,2.2,3.2,3.2,2.15,3.68,3.33,2.15,3.5,3.1,2.2,3.5,3.25,35,2.25,2.16,3.68,3.48,3.4,3.2,32,1.7,1.66,2.3,2.19,18,-0.5,2.23,2.16,1.8,1.72,2.44,3.5,2.98
D2,22/12/2018,St Pauli,Magdeburg,4,1,H,1,1,D,7,16,6,7,10,12,2,6,3,3,0,0,1.9,3.5,4,1.9,3.25,4.4,1.75,3.5,4.5,1.94,3.3,4.5,1.88,3.3,4.2,1.95,3.5,4,33,1.97,1.91,3.5,3.35,4.55,4.17,30,2.03,1.94,1.92,1.86,18,-0.5,1.96,1.9,1.98,1.93,1.98,3.41,4.26
D2,23/12/2018,Duisburg,Dresden,1,3,A,0,2,A,15,15,3,6,16,21,3,4,6,4,0,0,2.4,3.3,2.87,2.35,3.4,2.95,2.4,3.2,2.85,2.48,3.34,2.99,2.4,3.25,2.9,2.45,3.4,2.88,35,2.5,2.41,3.4,3.26,3,2.9,32,1.96,1.87,2,1.92,19,0,1.85,1.78,2.15,2.08,2.68,3.3,2.82
D2,23/12/2018,Erzgebirge Aue,Union Berlin,3,0,H,2,0,H,12,17,7,4,10,8,8,13,3,2,0,0,3.6,3.1,2.14,3.8,2.95,2.2,3.3,3.1,2.2,3.74,3.1,2.23,3.5,3.1,2.15,3.5,3.3,2.15,34,3.8,3.55,3.3,3.12,2.25,2.17,32,2.26,2.16,1.75,1.68,18,0.25,2.05,1.99,1.9,1.86,3.71,3.25,2.2
D2,23/12/2018,Holstein Kiel,Hamburg,3,1,H,2,0,H,13,18,5,5,14,15,8,5,1,1,0,0,3.5,3.25,2.1,3.1,3.4,2.25,3.3,3.3,2.1,3.43,3.28,2.26,3.25,3.25,2.2,3.2,3.4,2.25,35,3.5,3.25,3.45,3.29,2.28,2.21,32,1.82,1.76,2.15,2.04,18,0.5,1.73,1.68,2.29,2.21,3.51,3.47,2.18
D2,23/12/2018,Paderborn,Darmstadt,6,2,H,1,1,D,18,12,10,5,11,9,4,3,3,0,0,0,1.75,3.6,4.6,1.78,3.75,4.33,1.8,3.6,4.1,1.82,3.71,4.49,1.75,3.75,4.33,1.8,3.9,4.33,35,1.83,1.77,3.95,3.7,4.67,4.33,32,1.7,1.65,2.3,2.21,18,-0.5,1.81,1.77,2.14,2.07,1.76,3.97,4.63
D2,29/01/2019,Bochum,Duisburg,2,1,H,2,0,H,19,18,5,8,11,10,8,3,1,3,0,0,1.8,3.6,4.33,1.78,3.6,4.5,1.83,3.45,4.15,1.88,3.51,4.62,1.75,3.2,4.2,1.85,3.6,4.33,36,1.91,1.83,3.65,3.49,4.7,4.37,34,1.99,1.9,1.96,1.9,18,-0.5,1.89,1.82,2.1,2.01,2.01,3.5,3.99
D2,29/01/2019,Darmstadt,St Pauli,2,1,H,0,1,A,13,9,4,5,10,8,2,3,1,1,0,0,2.8,3.25,2.5,2.85,3.3,2.45,2.7,3.15,2.55,2.87,3.19,2.67,2.62,3,2.45,2.75,3.3,2.6,36,2.95,2.79,3.3,3.17,2.67,2.57,35,2.09,2.02,1.87,1.78,19,0,2.04,1.98,1.9,1.85,2.85,3.16,2.75
D2,29/01/2019,Greuther Furth,Ingolstadt,0,1,A,0,0,D,5,12,1,6,17,13,2,4,4,3,2,0,3,3.3,2.3,2.9,3.25,2.45,2.8,3.2,2.4,2.94,3.35,2.51,2.75,3.1,2.3,2.9,3.3,2.5,36,3.01,2.88,3.4,3.26,2.51,2.44,34,2.02,1.95,1.91,1.84,19,0,2.17,2.09,1.81,1.76,3.18,3.26,2.44
D2,29/01/2019,Magdeburg,Erzgebirge Aue,1,0,H,1,0,H,10,9,5,1,13,15,4,3,3,3,0,0,2.15,3.2,3.5,2.15,3.2,3.5,2.1,3.2,3.4,2.19,3.35,3.54,2,3.1,3.3,2.15,3.3,3.5,35,2.29,2.15,3.35,3.25,3.6,3.46,34,2.19,2.11,1.8,1.72,18,-0.25,1.9,1.85,2.04,1.99,2.09,3.4,3.87
D2,30/01/2019,Dresden,Bielefeld,3,4,A,3,1,H,12,16,7,8,21,21,4,4,3,2,1,0,2.1,3.3,3.5,2.1,3.4,3.4,2.15,3.35,3.2,2.23,3.37,3.42,2.05,3.1,3.2,2.2,3.4,3.3,35,2.3,2.17,3.5,3.34,3.51,3.29,33,1.95,1.84,2.05,1.95,19,-0.5,2.27,2.18,1.75,1.7,2.45,3.28,3.14
D2,30/01/2019,Hamburg,Sandhausen,2,1,H,1,0,H,16,5,7,3,11,16,5,2,0,1,0,0,1.53,4,6,1.6,3.75,6,1.55,3.8,5.8,1.56,3.94,6.5,1.5,3.5,5.8,1.6,4,5.75,36,1.63,1.57,4.05,3.8,6.5,6.09,34,2.05,1.97,1.91,1.83,22,-1,2.08,2,1.9,1.83,1.79,3.44,5.37
D2,30/01/2019,Heidenheim,Holstein Kiel,2,2,D,2,1,H,6,10,5,4,13,7,1,9,1,2,0,0,2.37,3.6,2.75,2.35,3.6,2.8,2.35,3.4,2.75,2.44,3.49,2.94,2.25,3.2,2.7,2.4,3.6,2.8,36,2.53,2.39,3.6,3.42,3,2.84,34,1.71,1.66,2.34,2.19,20,0,1.8,1.75,2.19,2.1,2.62,3.53,2.73
D2,30/01/2019,Regensburg,Paderborn,2,0,H,0,0,D,12,9,6,0,22,8,3,6,2,1,0,0,2.3,3.6,2.87,2.25,3.5,2.95,2.25,3.6,2.75,2.35,3.68,2.95,2.15,3.4,2.75,2.38,3.75,2.75,36,2.41,2.3,3.8,3.6,3.05,2.84,33,2.25,2.11,1.8,1.71,20,0,1.81,1.74,2.2,2.12,2.7,3.78,2.52
D2,31/01/2019,Union Berlin,FC Koln,2,0,H,2,0,H,14,20,5,4,19,14,7,11,4,3,1,0,2.75,3.3,2.5,2.9,3.4,2.4,2.9,3.25,2.35,3.08,3.32,2.43,2.88,3,2.25,3,3.3,2.4,35,3.15,2.96,3.4,3.24,2.5,2.38,33,1.95,1.89,1.96,1.9,19,0,2.23,2.15,1.76,1.71,2.77,3.3,2.73
D2,01/02/2019,Duisburg,Darmstadt,3,2,H,2,0,H,9,18,5,10,11,23,2,7,1,2,0,0,2.5,3.4,2.75,2.55,3.2,2.8,2.55,3.1,2.75,2.69,3.2,2.89,2.55,3.25,2.7,2.6,3.4,2.7,32,2.72,2.58,3.4,3.16,2.9,2.79,31,2.25,2.14,1.76,1.69,17,0,1.92,1.84,2.05,1.98,2.66,3.29,2.85
D2,01/02/2019,Ingolstadt,Magdeburg,0,1,A,0,0,D,15,4,3,2,10,18,5,3,1,2,0,0,2.05,3.5,3.4,2.05,3.3,3.75,2,3.2,3.7,2.08,3.47,3.81,2,3.3,3.7,2.05,3.4,3.75,31,2.1,2.03,3.5,3.31,4.1,3.72,30,2.3,2.2,1.73,1.65,15,-0.25,1.8,1.76,2.16,2.07,2.05,3.42,3.96
D2,02/02/2019,Bielefeld,Hamburg,2,0,H,2,0,H,10,5,7,1,16,11,3,1,2,2,0,1,4,3.4,1.9,3.9,3.4,1.95,3.8,3.4,1.9,4.19,3.32,2,4,3.4,1.91,3.8,3.5,2,35,4.3,3.92,3.57,3.35,2.01,1.95,32,1.9,1.84,2.05,1.95,18,0.5,1.94,1.88,2,1.95,3.5,3.3,2.26
D2,02/02/2019,Heidenheim,Dresden,1,0,H,1,0,H,15,19,3,2,15,12,7,2,3,4,0,0,2.05,3.5,3.4,2.1,3.4,3.4,2.05,3.35,3.35,2.1,3.42,3.69,2.05,3.4,3.5,2.1,3.5,3.5,35,2.22,2.09,3.5,3.35,3.69,3.46,32,1.87,1.81,2.1,1.99,18,-0.5,2.15,2.09,1.83,1.76,2.22,3.54,3.34
D2,02/02/2019,Paderborn,Greuther Furth,6,0,H,3,0,H,18,9,11,3,15,14,7,5,2,4,0,0,1.5,4.33,6.5,1.53,4.2,6,1.6,3.9,5,1.53,4.54,5.81,1.5,4.33,5.8,1.53,4.5,5.75,35,1.6,1.52,4.6,4.34,6.5,5.68,32,1.6,1.55,2.53,2.41,20,-1,2,1.87,2.04,1.95,1.47,4.84,6.58
D2,03/02/2019,Holstein Kiel,Regensburg,2,0,H,1,0,H,10,14,3,4,10,24,6,7,1,4,0,0,2,3.6,3.5,2.05,3.5,3.5,2.05,3.6,3.1,2.19,3.64,3.25,2.15,3.5,3.1,2.2,3.6,3.2,34,2.2,2.11,3.8,3.57,3.5,3.22,32,1.56,1.51,2.7,2.49,18,-0.5,2.18,2.11,1.8,1.74,2.44,3.65,2.88
D2,03/02/2019,Sandhausen,Bochum,3,0,H,0,0,D,11,15,4,4,18,16,4,5,2,3,0,1,2.7,3.3,2.55,2.9,3.25,2.45,2.7,3.15,2.55,2.85,3.11,2.75,2.7,3.2,2.6,2.75,3.3,2.63,33,2.98,2.77,3.3,3.12,2.75,2.61,32,2.15,2.07,1.81,1.74,19,0,2.01,1.96,1.94,1.87,2.82,3.12,2.82
D2,04/02/2019,St Pauli,Union Berlin,3,2,H,1,0,H,11,18,3,7,10,18,2,3,3,3,0,0,2.62,3.1,2.75,2.55,3.3,2.75,2.55,3.15,2.65,2.72,3.27,2.76,2.62,3.1,2.7,2.63,3.25,2.75,34,2.72,2.62,3.32,3.18,2.78,2.7,33,2.17,2.06,1.8,1.74,19,0,1.92,1.88,2,1.94,2.78,3.09,2.88
D2,08/02/2019,FC Koln,St Pauli,4,1,H,1,1,D,19,7,12,3,16,10,5,5,1,1,0,0,1.5,4.33,6,1.55,4.1,5.75,1.6,4,5,1.55,4.28,6.22,1.52,4,6,1.55,4.33,5.75,35,1.62,1.54,4.6,4.13,6.22,5.77,32,1.65,1.6,2.41,2.31,22,-1,1.97,1.9,2,1.93,1.55,4.33,6.24
D2,08/02/2019,Regensburg,Bielefeld,0,3,A,0,2,A,19,11,6,6,13,12,12,5,1,1,0,0,2,3.6,3.6,2.05,3.5,3.5,1.97,3.55,3.4,2.07,3.65,3.62,2,3.5,3.5,2.05,3.7,3.4,35,2.15,2.04,3.72,3.54,3.62,3.46,33,1.7,1.64,2.45,2.24,19,-0.5,2.09,2.04,1.85,1.8,2.12,3.64,3.49
D2,09/02/2019,Bochum,Paderborn,1,2,A,0,2,A,15,20,4,7,19,15,5,4,3,4,0,0,2.37,3.5,2.8,2.4,3.4,2.85,2.3,3.45,2.75,2.41,3.54,2.95,2.35,3.4,2.88,2.45,3.5,2.8,35,2.46,2.38,3.65,3.44,2.97,2.84,32,1.63,1.55,2.55,2.4,20,0,1.84,1.75,2.15,2.09,2.51,3.68,2.77
D2,09/02/2019,Greuther Furth,Duisburg,1,0,H,0,0,D,20,16,7,3,19,16,5,6,1,3,0,1,2.45,3.4,2.75,2.55,3.25,2.75,2.5,3.25,2.7,2.55,3.37,2.88,2.5,3.25,2.75,2.55,3.4,2.75,35,2.75,2.54,3.4,3.3,2.88,2.74,33,2,1.94,1.92,1.85,20,0,1.95,1.85,2.06,1.98,2.57,3.42,2.87
D2,09/02/2019,Union Berlin,Sandhausen,2,0,H,1,0,H,10,10,5,0,23,18,4,3,2,2,0,0,1.75,3.6,4.75,1.75,3.4,5.25,1.75,3.35,4.8,1.83,3.34,5.14,1.73,3.4,5,1.75,3.6,5,35,1.85,1.75,3.6,3.4,5.35,5.03,32,2.38,2.28,1.7,1.61,19,-0.75,2.09,2,1.89,1.83,1.74,3.61,5.5
D2,10/02/2019,Darmstadt,Heidenheim,1,2,A,0,1,A,12,13,4,4,13,15,5,4,1,2,0,0,2.2,3.5,3.1,2.35,3.25,3.1,2.3,3.2,3,2.4,3.25,3.21,2.3,3.3,3,2.38,3.5,2.9,34,2.4,2.3,3.5,3.26,3.4,3.1,32,2.03,1.96,1.9,1.83,19,0,1.74,1.66,2.33,2.24,2.43,3.31,3.15
D2,10/02/2019,Erzgebirge Aue,Ingolstadt,0,3,A,0,1,A,9,18,3,6,20,11,0,7,6,0,0,0,3,3.2,2.37,2.95,3.2,2.45,3,3.05,2.4,3.24,3.02,2.52,3.1,3,2.4,3,3.2,2.45,34,3.3,3.06,3.2,3.06,2.52,2.43,32,2.35,2.23,1.7,1.64,19,0,2.21,2.14,1.75,1.71,3.18,3.17,2.49
D2,10/02/2019,Magdeburg,Holstein Kiel,1,1,D,1,1,D,15,11,9,5,18,13,11,8,3,3,0,0,2.9,3.25,2.4,2.8,3.4,2.45,2.7,3.35,2.45,2.78,3.46,2.58,2.7,3.3,2.5,2.75,3.5,2.5,33,2.9,2.74,3.5,3.36,2.63,2.5,31,1.85,1.79,2.1,2.01,18,0,2.08,2.01,1.87,1.83,2.75,3.48,2.63
D2,11/02/2019,Hamburg,Dresden,1,0,H,0,0,D,14,12,6,4,8,13,4,2,2,0,0,0,1.61,4,5,1.62,3.9,5.25,1.6,3.85,5.1,1.63,3.98,5.53,1.6,3.8,5.5,1.65,4,5.2,33,1.72,1.63,4.05,3.87,5.53,5.17,31,1.85,1.78,2.08,2.01,20,-1,2.25,2.09,1.82,1.74,1.58,4.17,6.07
D2,15/02/2019,Paderborn,FC Koln,3,2,H,0,1,A,18,13,4,4,11,26,3,4,3,6,0,1,3,3.75,2.15,3.1,3.8,2.1,2.85,3.7,2.15,3.06,3.7,2.3,3,3.6,2.2,2.9,3.8,2.25,32,3.4,2.97,3.9,3.66,2.3,2.21,31,1.45,1.41,3.05,2.8,16,0,2.28,2.21,1.74,1.67,3.41,3.8,2.1
D2,15/02/2019,Sandhausen,Darmstadt,1,1,D,1,1,D,11,10,2,2,18,24,8,3,3,2,0,0,2.1,3.25,3.5,2.2,3.1,3.5,2.15,3,3.5,2.26,3.11,3.74,2.2,3,3.6,2.25,3.13,3.5,32,2.26,2.19,3.25,3.06,3.95,3.57,29,2.6,2.45,1.58,1.53,15,-0.25,1.94,1.88,2.01,1.94,2.33,3.08,3.61
D2,16/02/2019,Duisburg,Union Berlin,2,3,A,1,1,D,10,18,4,3,15,15,3,6,4,2,0,0,4.33,3.4,1.85,4.2,3.2,1.95,4.05,3.3,1.87,4.46,3.44,1.9,4.33,3.3,1.85,4.4,3.3,1.93,32,4.46,4.16,3.45,3.29,1.97,1.92,30,2.21,2.11,1.76,1.7,14,0.25,2.36,2.24,1.7,1.65,4.58,3.69,1.83
D2,16/02/2019,Heidenheim,Hamburg,2,2,D,1,1,D,15,15,7,4,16,15,8,4,0,3,0,0,3.3,3.5,2.1,3.5,3.25,2.15,3.35,3.3,2.1,3.52,3.3,2.22,3.4,3.2,2.15,3.4,3.3,2.2,32,3.85,3.4,3.5,3.26,2.24,2.14,29,2.02,1.95,1.9,1.83,14,0.5,1.77,1.71,2.25,2.14,2.9,3.37,2.57
D2,16/02/2019,Ingolstadt,Bochum,2,1,H,2,0,H,12,11,5,5,14,11,3,9,0,0,0,0,2.3,3.4,3,2.45,3.1,3,2.3,3.1,3.1,2.38,3.19,3.3,2.3,3.1,3.2,2.38,3.2,3.13,32,2.45,2.33,3.4,3.13,3.4,3.15,30,2.2,2.11,1.76,1.7,15,0,1.7,1.65,2.31,2.23,2.31,3.26,3.42
D2,16/02/2019,St Pauli,Erzgebirge Aue,1,2,A,1,1,D,13,16,3,4,12,17,7,1,1,4,0,0,1.66,3.6,5.25,1.7,3.7,5,1.67,3.55,5,1.7,3.66,5.51,1.67,3.6,5.25,1.73,3.7,5,32,1.75,1.69,3.75,3.6,5.51,5.04,29,2.05,1.96,1.9,1.82,16,-1,2.33,2.26,1.7,1.64,1.72,3.67,5.47
D2,17/02/2019,Bielefeld,Magdeburg,1,3,A,0,2,A,12,14,3,4,11,7,5,2,2,1,1,0,2.05,3.3,3.6,2.15,3.1,3.7,2.1,3.15,3.45,2.2,3.15,3.77,2.1,3.2,3.6,2.15,3.3,3.5,30,2.2,2.14,3.3,3.17,4,3.54,29,2.25,2.12,1.76,1.7,14,-0.25,1.89,1.84,2.03,1.98,2.3,3.42,3.28
D2,17/02/2019,Dresden,Regensburg,0,0,D,0,0,D,12,15,4,2,13,17,8,3,1,2,0,0,2.3,3.4,3,2.45,3.25,2.9,2.35,3.35,2.8,2.48,3.47,2.9,2.38,3.4,2.8,2.4,3.5,2.88,31,2.53,2.4,3.5,3.37,3,2.83,30,1.77,1.71,2.2,2.1,15,0,1.8,1.76,2.16,2.08,2.65,3.58,2.68
D2,17/02/2019,Holstein Kiel,Greuther Furth,2,2,D,0,0,D,17,8,5,5,16,15,14,10,1,2,0,0,1.61,4,5,1.62,4.1,5,1.63,3.9,4.8,1.68,3.85,5.34,1.63,3.8,5.25,1.67,4,5,31,1.74,1.64,4.1,3.88,5.4,4.96,29,1.67,1.63,2.35,2.23,17,-1,2.17,2.1,1.8,1.73,1.63,4.12,5.53
D2,22/02/2019,Greuther Furth,Heidenheim,0,0,D,0,0,D,11,9,4,1,18,11,3,1,2,1,0,0,2.9,3.4,2.3,2.95,3.25,2.4,2.85,3.2,2.35,3.01,3.31,2.52,2.88,3.25,2.4,2.88,3.4,2.45,35,3.05,2.92,3.4,3.25,2.52,2.42,33,2.05,1.93,1.95,1.87,19,0,2.19,2.12,1.81,1.74,3.17,3.41,2.37
D2,22/02/2019,Union Berlin,Bielefeld,1,1,D,1,0,H,16,17,5,3,15,9,4,3,3,2,0,0,1.57,3.75,6.5,1.62,3.8,5.5,1.6,3.8,5.3,1.59,4.09,6.08,1.55,3.9,5.8,1.57,4.1,5.75,35,1.66,1.59,4.15,3.92,6.5,5.67,33,1.89,1.8,2.08,2,21,-1,2.08,2.01,1.9,1.83,1.61,4.09,5.84
D2,23/02/2019,Bochum,Holstein Kiel,1,3,A,0,3,A,7,14,2,8,14,19,6,9,0,3,0,0,2.3,3.4,3,2.3,3.4,3,2.25,3.45,2.9,2.33,3.55,3.13,2.25,3.4,3,2.3,3.5,3,34,2.39,2.29,3.63,3.45,3.13,2.99,31,1.69,1.65,2.31,2.2,18,0,1.74,1.69,2.28,2.19,2.53,3.6,2.79
D2,23/02/2019,Darmstadt,Dresden,2,0,H,1,0,H,11,12,5,1,18,13,6,5,3,5,0,0,2.37,3.3,2.9,2.35,3.2,3.1,2.4,3.2,2.9,2.49,3.29,3.08,2.38,3.2,3,2.4,3.3,3,35,2.5,2.41,3.32,3.21,3.2,2.98,34,2.09,2.01,1.85,1.79,19,0,1.79,1.74,2.18,2.12,2.22,3.42,3.45
D2,23/02/2019,FC Koln,Sandhausen,3,1,H,0,1,A,22,6,8,2,12,13,8,4,1,4,0,0,1.36,4.75,8,1.42,4.4,7.5,1.4,4.4,7.3,1.4,4.79,8.25,1.36,4.5,8.5,1.4,4.75,8,34,1.44,1.4,4.8,4.56,8.5,7.78,32,1.82,1.76,2.14,2.05,19,-1,1.7,1.65,2.35,2.26,1.42,4.54,8.51
D2,23/02/2019,St Pauli,Ingolstadt,1,0,H,0,0,D,8,11,3,0,19,13,5,3,0,0,0,0,2.37,3.2,3,2.4,3.1,3.1,2.35,3.1,3,2.48,3.24,3.13,2.4,3.1,3,2.45,3.2,3,35,2.58,2.41,3.25,3.16,3.13,3.03,34,2.2,2.09,1.8,1.73,19,0,1.76,1.71,2.25,2.16,2.56,3.22,3.03
D2,24/02/2019,Erzgebirge Aue,Duisburg,0,0,D,0,0,D,16,15,3,5,16,14,7,5,3,2,0,1,2.15,3.25,3.4,2.25,3.2,3.3,2.15,3.15,3.35,2.28,3.19,3.58,2.15,3.2,3.4,2.25,3.25,3.4,33,2.33,2.22,3.3,3.19,3.58,3.35,32,2.23,2.12,1.77,1.7,17,-0.5,2.28,2.21,1.73,1.68,2.4,3.3,3.22
D2,24/02/2019,Magdeburg,Paderborn,1,1,D,1,0,H,10,13,2,3,8,13,3,5,2,2,0,0,2.8,3.4,2.4,2.75,3.6,2.4,2.65,3.45,2.4,2.76,3.59,2.57,2.62,3.5,2.5,2.7,3.6,2.5,33,3.01,2.7,3.61,3.48,2.6,2.48,31,1.65,1.6,2.45,2.31,17,0,2.05,1.98,1.92,1.85,2.68,3.6,2.63
D2,24/02/2019,Regensburg,Hamburg,2,1,H,0,1,A,18,10,3,5,10,14,8,5,2,5,0,2,2.9,3.6,2.25,3,3.4,2.3,2.85,3.35,2.3,3.05,3.46,2.42,2.9,3.4,2.3,2.9,3.6,2.38,34,3.1,2.93,3.6,3.38,2.42,2.34,33,1.84,1.75,2.2,2.06,18,0,2.2,2.14,1.75,1.72,3.53,3.44,2.18
D2,27/02/2019,Erzgebirge Aue,FC Koln,0,1,A,0,1,A,8,12,4,5,11,14,4,5,2,3,0,0,6,4.33,1.5,6,4.33,1.5,5,3.9,1.6,5.86,4.47,1.55,5.8,4.33,1.5,6,4.33,1.53,34,6.25,5.86,4.47,4.25,1.6,1.52,33,1.8,1.74,2.15,2.07,20,1,2.01,1.94,2,1.88,6.78,4.27,1.52
D2,01/03/2019,Duisburg,Magdeburg,1,0,H,0,0,D,9,13,3,4,13,8,3,4,4,2,0,0,3,3.2,2.4,2.9,3.25,2.45,2.85,3.15,2.4,3.01,3.31,2.52,2.9,3.2,2.4,3,3.25,2.45,33,3.05,2.92,3.32,3.2,2.6,2.46,32,2.15,2.05,1.82,1.76,18,0.25,1.82,1.76,2.16,2.1,3.11,3.35,2.44
D2,01/03/2019,Holstein Kiel,Union Berlin,0,2,A,0,1,A,7,21,3,6,11,13,3,7,3,3,0,0,2.62,3.25,2.62,2.6,3.4,2.65,2.55,3.3,2.6,2.74,3.29,2.76,2.62,3.2,2.62,2.63,3.3,2.7,34,2.8,2.64,3.42,3.27,2.76,2.66,32,1.85,1.79,2.1,2.02,19,0,1.95,1.91,1.98,1.92,2.62,3.36,2.84
D2,02/03/2019,Heidenheim,Regensburg,1,2,A,0,1,A,13,17,5,8,9,16,9,6,1,2,0,0,2.3,3.3,3.1,2.3,3.4,3,2.25,3.4,2.9,2.34,3.59,3.08,2.25,3.4,3,2.3,3.5,3,34,2.37,2.29,3.59,3.41,3.21,3,32,1.75,1.7,2.25,2.14,19,0,1.77,1.7,2.25,2.18,2.34,3.45,3.19
D2,02/03/2019,Paderborn,St Pauli,0,1,A,0,0,D,12,9,4,3,13,13,4,2,3,5,0,1,1.83,3.75,4,1.87,3.7,3.9,1.8,3.8,3.85,1.84,4.01,4.13,1.83,3.8,3.9,1.9,3.8,3.9,34,1.9,1.83,4.01,3.82,4.23,3.92,31,1.6,1.53,2.58,2.45,18,-0.5,1.88,1.83,2.08,2,1.83,3.94,4.24
D2,02/03/2019,Sandhausen,Erzgebirge Aue,0,3,A,0,1,A,11,22,1,9,14,17,4,3,2,2,0,0,2,3.3,3.8,2.1,3.25,3.6,2.05,3.1,3.65,2.15,3.25,3.84,2.1,3.1,3.7,2.1,3.2,3.8,34,2.16,2.1,3.3,3.16,3.91,3.69,31,2.4,2.3,1.65,1.6,18,-0.5,2.17,2.1,1.82,1.75,2.15,3.19,3.95
D2,03/03/2019,Bielefeld,Darmstadt,1,0,H,1,0,H,14,6,5,2,10,11,7,3,1,3,0,0,1.95,3.3,3.8,2.05,3.3,3.7,2.05,3.25,3.5,2.09,3.43,3.8,2.05,3.25,3.6,2.1,3.4,3.6,33,2.17,2.07,3.43,3.31,3.8,3.58,31,2.07,1.99,1.9,1.81,17,-0.25,1.85,1.79,2.12,2.05,2.12,3.34,3.83
D2,03/03/2019,Dresden,Bochum,2,2,D,1,2,A,17,10,8,5,14,18,8,5,1,3,0,0,2.4,3.2,3,2.5,3.3,2.8,2.45,3.3,2.7,2.58,3.46,2.82,2.45,3.3,2.75,2.5,3.3,2.88,33,2.58,2.48,3.46,3.32,3,2.77,31,1.85,1.8,2.11,2.01,18,0,1.86,1.81,2.09,2.03,2.72,3.52,2.64
D2,03/03/2019,Ingolstadt,FC Koln,1,2,A,0,1,A,13,8,1,4,15,26,4,3,3,4,0,0,4,3.4,1.9,3.9,3.4,1.95,3.6,3.4,1.95,3.99,3.51,2.01,3.8,3.4,1.95,3.75,3.5,2,33,4,3.74,3.56,3.43,2.05,1.98,31,1.9,1.82,2.06,1.97,17,0.25,2.23,2.14,1.76,1.72,4.54,3.72,1.83
D2,04/03/2019,Hamburg,Greuther Furth,1,0,H,0,0,D,8,15,3,6,11,15,4,5,2,4,0,1,1.45,4.33,7,1.4,4.6,7.75,1.45,4.25,6.4,1.49,4.45,6.99,1.44,4.2,7,1.5,4.33,7,33,1.5,1.45,4.75,4.34,7.75,6.84,32,1.85,1.78,2.12,2.02,19,-1,1.81,1.76,2.2,2.07,1.42,4.57,8.47
D2,08/03/2019,Bochum,Heidenheim,1,0,H,0,0,D,15,6,3,2,10,14,9,0,0,2,0,1,2,3.5,3.5,2.15,3.4,3.3,2.05,3.45,3.3,2.15,3.5,3.57,2.05,3.5,3.4,2.1,3.6,3.4,34,2.21,2.11,3.7,3.45,3.57,3.37,32,1.8,1.73,2.2,2.1,19,-0.5,2.16,2.1,1.81,1.76,2.09,3.76,3.48
D2,08/03/2019,Union Berlin,Ingolstadt,2,0,H,1,0,H,9,15,3,5,26,16,2,7,4,5,0,2,1.72,3.4,5.25,1.78,3.5,4.75,1.7,3.6,4.7,1.79,3.39,5.49,1.73,3.3,5.25,1.73,3.4,4.75,34,1.84,1.77,3.6,3.41,5.49,4.97,32,2.35,2.25,1.7,1.64,19,-0.75,2.08,2.02,1.9,1.82,1.87,3.4,4.88
D2,09/03/2019,Darmstadt,Holstein Kiel,3,2,H,2,1,H,12,14,5,7,7,19,7,10,0,5,0,1,3.1,3.3,2.3,2.95,3.4,2.35,2.9,3.3,2.3,3.01,3.43,2.46,2.88,3.4,2.35,2.9,3.4,2.45,33,3.1,2.93,3.55,3.36,2.46,2.36,30,1.85,1.78,2.13,2.04,18,0,2.21,2.15,1.77,1.73,2.94,3.41,2.52
D2,09/03/2019,Erzgebirge Aue,Paderborn,2,1,H,1,0,H,20,13,5,5,20,19,12,3,6,2,0,1,3.3,3.75,2,3.3,3.7,2.05,3.15,3.6,2.05,3.31,3.78,2.15,3.2,3.6,2.1,3.3,3.7,2.1,34,3.35,3.24,3.85,3.65,2.17,2.08,30,1.65,1.59,2.44,2.32,18,0.5,1.83,1.77,2.15,2.08,3.31,3.75,2.16
D2,09/03/2019,FC Koln,Bielefeld,5,1,H,2,0,H,17,7,9,1,14,11,7,1,0,0,0,0,1.44,4.5,6.5,1.5,4.4,6,1.4,4.5,7,1.5,4.57,6.52,1.44,4.5,6.5,1.5,4.5,6.5,34,1.5,1.46,4.95,4.52,7,6.3,30,1.55,1.5,2.65,2.52,20,-1,1.79,1.73,2.21,2.14,1.41,4.89,7.67
D2,09/03/2019,Regensburg,Duisburg,1,1,D,1,0,H,17,8,9,1,22,15,6,1,3,2,0,0,1.61,4,5,1.72,4,4.4,1.65,3.95,4.5,1.7,4.04,4.95,1.65,4,4.75,1.67,4.2,4.75,34,1.72,1.68,4.25,4.01,5,4.61,31,1.7,1.65,2.31,2.21,19,-1,2.27,2.19,1.75,1.69,1.69,4.21,4.8
D2,10/03/2019,Magdeburg,Sandhausen,0,1,A,0,0,D,8,8,1,4,8,17,6,5,3,3,0,0,2.2,3.4,3.2,2.2,3.1,3.5,2.15,3.1,3.4,2.21,3.27,3.65,2.15,3.1,3.5,2.2,3.2,3.5,33,2.25,2.18,3.4,3.16,3.65,3.49,31,2.45,2.35,1.65,1.58,18,-0.25,1.91,1.87,2.03,1.97,2.39,3.08,3.47
D2,10/03/2019,St Pauli,Hamburg,0,4,A,0,1,A,10,11,2,5,16,12,5,4,0,0,0,0,3.1,3.25,2.3,3.1,3.2,2.35,2.8,3.2,2.45,3.24,3.28,2.4,3.1,3.2,2.3,3.2,3.3,2.3,33,3.25,3.12,3.4,3.24,2.45,2.32,32,2.14,2.04,1.85,1.77,18,0,2.31,2.24,1.73,1.67,3.33,3.26,2.36
D2,15/03/2019,Heidenheim,Union Berlin,2,1,H,0,1,A,14,19,7,7,13,15,7,6,1,3,0,0,3.6,3.4,2.05,3.4,3.4,2.1,3.4,3.3,2.05,3.56,3.5,2.15,3.4,3.4,2.1,3.4,3.5,2.15,32,3.63,3.43,3.75,3.4,2.16,2.1,33,2,1.93,1.93,1.86,19,0.5,1.8,1.76,2.16,2.1,3.28,3.45,2.29
D2,15/03/2019,Holstein Kiel,Erzgebirge Aue,5,1,H,2,1,H,17,10,7,4,10,12,7,4,1,1,0,0,1.72,3.6,4.75,1.72,3.9,4.5,1.75,3.7,4.2,1.74,4.08,4.68,1.67,3.9,4.6,1.75,3.8,4.6,32,1.79,1.72,4.2,3.87,4.83,4.48,32,1.65,1.59,2.45,2.33,20,-1,2.38,2.26,1.7,1.66,1.74,4.2,4.53
D2,16/03/2019,Dresden,Magdeburg,1,1,D,0,1,A,10,8,3,2,13,17,5,6,3,3,0,0,2.3,3.3,3.1,2.4,3.25,3,2.3,3.2,3.05,2.41,3.3,3.18,2.3,3.2,3.1,2.38,3.3,3.1,33,2.49,2.34,3.35,3.23,3.18,3.07,32,2.11,2.02,1.84,1.78,17,-0.25,2.06,2,1.89,1.83,2.34,3.31,3.31
D2,16/03/2019,Hamburg,Darmstadt,2,3,A,2,0,H,18,14,6,4,13,15,7,2,0,2,0,0,1.5,4,7,1.57,3.9,6,1.5,4,6.1,1.53,4.2,6.87,1.47,4,7,1.5,4.2,7,34,1.58,1.52,4.4,4.04,7.25,6.46,32,2.05,1.96,1.91,1.84,20,-1,1.96,1.88,2.01,1.95,1.55,4,7.05
D2,16/03/2019,Sandhausen,St Pauli,4,0,H,2,0,H,14,15,5,5,14,5,4,5,1,1,0,0,2.7,3.1,2.7,2.7,3.1,2.75,2.65,3,2.7,2.74,3.15,2.87,2.62,3.1,2.75,2.7,3.1,2.8,33,2.82,2.68,3.2,3.08,2.87,2.75,31,2.39,2.3,1.68,1.6,17,0,1.94,1.9,1.99,1.94,2.75,3.15,2.86
D2,17/03/2019,Bielefeld,Bochum,3,1,H,0,0,D,13,8,7,3,23,11,4,5,1,0,0,1,2.37,3.4,2.87,2.45,3.3,2.9,2.4,3.3,2.8,2.46,3.49,2.95,2.4,3.4,2.8,2.5,3.3,2.88,34,2.51,2.43,3.5,3.34,2.96,2.85,32,1.95,1.87,2,1.93,18,-0.25,2.15,2.09,1.81,1.77,2.65,3.4,2.78
D2,17/03/2019,Paderborn,Ingolstadt,3,1,H,0,0,D,17,15,7,7,12,9,6,8,0,2,0,0,1.9,3.8,3.6,1.9,3.5,4,1.87,3.55,3.8,1.94,3.59,4.16,1.88,3.5,3.9,1.95,3.5,4,33,1.99,1.92,3.8,3.52,4.16,3.88,32,1.83,1.73,2.16,2.09,17,-0.5,1.94,1.9,2,1.93,2.03,3.59,3.83
D2,18/03/2019,Regensburg,Greuther Furth,0,2,A,0,0,D,18,18,5,7,10,14,7,8,4,4,1,0,1.72,3.75,4.5,1.72,3.7,4.75,1.8,3.5,4.2,1.71,4.08,4.83,1.67,3.9,4.6,1.73,3.9,4.6,34,1.84,1.72,4.1,3.82,5.12,4.56,32,1.75,1.69,2.25,2.14,18,-0.5,1.8,1.72,2.25,2.14,1.75,3.83,4.95
D2,29/03/2019,Magdeburg,Heidenheim,0,0,D,0,0,D,20,9,4,1,12,11,11,1,2,4,0,1,2.5,3.2,2.87,2.55,3.25,2.8,2.5,3.2,2.8,2.64,3.23,2.93,2.45,3.2,2.88,2.55,3.3,2.8,34,2.66,2.52,3.35,3.19,2.95,2.85,33,2.15,2.06,1.81,1.76,19,-0.25,2.25,2.15,1.78,1.73,2.45,3.35,3.08
D2,29/03/2019,St Pauli,Duisburg,0,0,D,0,0,D,14,10,3,0,16,10,8,0,2,2,0,0,1.65,3.6,5.5,1.72,3.6,5,1.7,3.7,4.95,1.73,3.67,5.39,1.67,3.6,5.25,1.67,3.8,5.2,34,1.76,1.71,3.9,3.64,5.5,4.96,32,1.99,1.9,1.97,1.89,20,-1,2.38,2.29,1.71,1.63,1.85,3.44,4.95
D2,30/03/2019,Bochum,Hamburg,0,0,D,0,0,D,12,15,3,4,12,11,5,5,1,0,0,0,3.6,3.2,2.15,3.25,3.2,2.25,3.25,3.3,2.2,3.55,3.35,2.22,3.4,3.2,2.15,3.3,3.2,2.25,35,3.6,3.31,3.45,3.27,2.3,2.21,33,2.05,1.96,1.92,1.84,19,0,2.52,2.38,1.67,1.6,4.21,3.69,1.9
D2,30/03/2019,Darmstadt,Regensburg,1,1,D,0,0,D,26,12,8,5,9,18,13,2,0,1,0,0,2.7,3.3,2.55,2.8,3.1,2.65,2.65,3.3,2.6,2.75,3.34,2.71,2.62,3.25,2.6,2.75,3.3,2.6,35,2.8,2.68,3.5,3.27,2.8,2.62,33,1.96,1.89,1.97,1.9,20,0,2.02,1.94,2.02,1.9,2.83,3.55,2.52
D2,30/03/2019,Union Berlin,Paderborn,1,3,A,0,1,A,18,12,7,8,11,18,5,3,1,2,0,0,1.95,3.5,3.8,1.95,3.4,3.9,1.95,3.75,3.55,1.99,3.71,3.85,1.91,3.6,3.7,2,3.6,3.6,35,2,1.96,3.95,3.62,3.93,3.65,31,1.62,1.57,2.5,2.35,19,-0.25,1.75,1.71,2.24,2.17,1.84,4.08,4.07
D2,31/03/2019,FC Koln,Holstein Kiel,4,0,H,2,0,H,19,10,9,3,16,10,3,6,1,1,0,0,1.44,4.5,6.5,1.5,4.4,6,1.45,4.4,6.7,1.51,4.58,6.31,1.47,4.6,6,1.5,4.6,6,35,1.51,1.48,4.95,4.54,6.7,6.03,33,1.45,1.41,3,2.79,22,-1,1.8,1.76,2.16,2.09,1.44,5.01,6.89
D2,31/03/2019,Greuther Furth,Bielefeld,2,2,D,2,0,H,9,12,6,2,10,14,5,7,1,1,0,0,2.9,3.1,2.5,2.8,3.1,2.65,2.85,3.15,2.5,2.97,3.15,2.66,2.8,3.1,2.55,2.9,3.1,2.55,34,3,2.87,3.3,3.12,2.66,2.55,33,2.1,2.02,1.85,1.78,20,0,2.11,2.02,1.87,1.82,2.82,3.29,2.69
D2,31/03/2019,Ingolstadt,Sandhausen,1,2,A,1,0,H,14,9,3,4,5,16,4,5,0,0,0,0,1.95,3.2,4.2,1.95,3.3,4.1,2.05,3.3,3.65,1.96,3.3,4.52,1.91,3.2,4.2,1.95,3.3,4.3,35,2.05,1.95,3.4,3.25,4.52,4.15,32,2.45,2.36,1.65,1.57,18,-0.25,1.7,1.67,2.32,2.23,1.94,3.32,4.58
D2,01/04/2019,Erzgebirge Aue,Dresden,1,3,A,1,0,H,14,20,2,7,14,13,6,6,4,3,0,0,2.4,3.2,3,2.45,3.25,2.9,2.45,3.25,2.85,2.57,3.33,2.93,2.45,3.25,2.8,2.5,3.3,2.88,34,2.57,2.46,3.4,3.25,3,2.87,32,2.05,1.98,1.9,1.82,19,0,1.83,1.78,2.15,2.06,2.49,3.38,3
D2,04/04/2019,Greuther Furth,Dresden,0,0,D,0,0,D,15,8,2,2,14,14,2,7,1,1,0,0,2.45,3.2,2.9,2.55,3.25,2.75,2.5,3.25,2.8,2.56,3.31,2.96,2.45,3.2,2.88,2.55,3.2,2.9,33,2.6,2.51,3.45,3.22,2.96,2.83,31,2,1.9,1.96,1.89,18,0,1.85,1.8,2.12,2.04,2.69,3.33,2.78
D2,05/04/2019,Bielefeld,Erzgebirge Aue,2,1,H,1,0,H,8,7,4,4,11,12,4,1,0,1,0,0,1.9,3.5,4,1.87,3.6,4.1,1.9,3.6,3.85,1.93,3.67,4.14,1.88,3.5,3.9,1.95,3.6,3.9,33,1.96,1.91,3.8,3.59,4.14,3.9,32,1.81,1.72,2.3,2.12,18,-0.5,1.95,1.91,1.99,1.93,1.92,3.68,4.16
D2,05/04/2019,Regensburg,Bochum,2,1,H,0,0,D,21,13,5,5,18,15,3,6,3,2,0,0,2,3.5,3.6,2,3.4,3.6,2,3.65,3.5,2.01,3.78,3.7,1.95,3.6,3.6,2,3.7,3.6,33,2.05,2,3.85,3.59,3.73,3.54,31,1.7,1.64,2.35,2.23,18,-0.5,2.05,1.99,1.9,1.85,2.02,3.82,3.63
D2,06/04/2019,Duisburg,Ingolstadt,2,4,A,0,1,A,22,16,6,9,13,18,8,5,3,2,0,0,3.8,3.2,2.05,3.5,3.4,2.1,3.6,3.3,2.05,3.87,3.36,2.1,3.7,3.2,2.05,3.7,3.3,2.1,33,3.87,3.56,3.45,3.29,2.15,2.07,31,2.16,2.08,1.8,1.74,17,0.5,1.82,1.77,2.13,2.08,3.29,3.36,2.33
D2,06/04/2019,Holstein Kiel,St Pauli,2,1,H,0,1,A,12,18,4,6,13,10,3,6,2,2,1,0,1.9,3.75,3.8,1.95,3.6,3.75,1.93,3.75,3.6,1.97,3.68,3.93,1.91,3.6,3.75,1.95,3.8,3.6,33,2,1.95,3.95,3.62,3.93,3.63,29,1.65,1.58,2.45,2.32,17,-0.5,1.98,1.94,1.96,1.9,1.9,3.8,4.07
D2,06/04/2019,Sandhausen,Paderborn,1,1,D,1,0,H,11,26,4,10,8,10,7,15,5,3,1,0,2.9,3.4,2.37,2.9,3.3,2.45,2.85,3.4,2.4,3.03,3.4,2.46,2.88,3.3,2.38,2.9,3.3,2.45,32,3.03,2.88,3.55,3.32,2.5,2.4,29,1.87,1.8,2.1,2.01,17,0,2.17,2.11,1.81,1.76,2.76,3.44,2.65
D2,07/04/2019,Dresden,Union Berlin,0,0,D,0,0,D,7,23,2,5,17,20,1,4,0,3,0,0,3.6,3.5,2,3.5,3.3,2.1,3.45,3.4,2.1,3.83,3.4,2.1,3.6,3.25,2.05,3.6,3.3,2.1,32,3.83,3.51,3.55,3.34,2.15,2.08,30,1.95,1.89,1.96,1.9,17,0.25,2.12,2.05,1.85,1.8,4.12,3.64,1.94
D2,07/04/2019,Greuther Furth,Darmstadt,2,1,H,0,0,D,7,13,3,2,8,13,4,5,3,2,0,0,2.62,3.1,2.75,2.65,3.1,2.8,2.65,3.15,2.7,2.8,3.22,2.76,2.7,3.1,2.62,2.75,3.13,2.75,31,2.8,2.66,3.3,3.14,2.8,2.71,30,2.25,2.15,1.76,1.69,17,0,1.97,1.91,1.98,1.93,2.76,3.24,2.78
D2,07/04/2019,Heidenheim,FC Koln,0,2,A,0,2,A,17,17,3,4,16,12,7,3,1,2,0,0,4.5,4.2,1.66,5.25,3.8,1.65,4.1,4,1.75,5.18,4.04,1.68,5,3.8,1.65,4.75,4,1.7,32,5.25,4.73,4.3,3.96,1.75,1.67,29,1.65,1.6,2.45,2.3,18,1,1.79,1.73,2.25,2.13,5.03,3.99,1.7
D2,08/04/2019,Hamburg,Magdeburg,1,2,A,1,0,H,8,12,5,5,14,13,3,6,3,4,0,0,1.55,3.8,6.5,1.57,4.1,5.5,1.55,3.9,6.1,1.55,3.88,7.4,1.52,3.8,6.5,1.57,4,6.25,32,1.6,1.54,4.15,3.88,7.4,6.28,30,2.07,2,1.86,1.79,18,-1,2.03,1.98,1.91,1.86,1.66,3.5,6.68
D2,10/04/2019,Duisburg,FC Koln,4,4,D,2,1,H,13,20,7,8,16,18,5,4,3,1,0,0,6.25,4.75,1.44,7.5,4.5,1.42,6,4.3,1.5,6.72,4.94,1.45,7,4.6,1.4,7,4.75,1.44,34,7.5,6.73,5,4.69,1.5,1.42,31,1.65,1.58,2.45,2.33,19,1.5,1.75,1.68,2.3,2.21,7.51,5.11,1.4
D2,12/04/2019,Erzgebirge Aue,Heidenheim,0,1,A,0,1,A,15,13,2,6,12,10,3,4,3,2,1,0,3.1,3.25,2.3,3,3.3,2.35,2.95,3.35,2.35,3.11,3.38,2.41,3,3.25,2.35,3,3.3,2.4,32,3.11,2.95,3.6,3.31,2.48,2.37,30,1.95,1.84,2.05,1.95,16,0,2.23,2.14,1.79,1.72,2.93,3.4,2.53
D2,12/04/2019,Union Berlin,Regensburg,2,2,D,1,1,D,23,16,11,6,10,17,6,4,1,2,0,0,1.6,4,5.25,1.67,3.8,5,1.7,3.8,4.7,1.68,3.97,5.31,1.62,3.8,5.25,1.65,4,5.25,32,1.75,1.66,4.1,3.84,5.32,4.96,31,1.75,1.69,2.25,2.14,17,-1,2.3,2.16,1.82,1.7,1.6,4.28,5.57
D2,13/04/2019,Magdeburg,Darmstadt,0,1,A,0,0,D,16,9,5,2,13,14,6,2,3,2,0,0,2.05,3.4,3.6,2.1,3.25,3.6,2.1,3.25,3.55,2.16,3.2,3.9,2.05,3.2,3.7,2.1,3.4,3.6,34,2.21,2.12,3.4,3.22,3.9,3.59,33,2.24,2.14,1.86,1.7,18,-0.5,2.2,2.12,1.81,1.75,2.06,3.33,4.04
D2,13/04/2019,Paderborn,Duisburg,4,0,H,2,0,H,14,14,6,9,8,3,7,2,1,0,0,0,1.5,4.2,6.25,1.53,4.25,5.75,1.5,4.55,5.5,1.55,4.37,6.11,1.5,4.5,5.8,1.53,4.5,5.75,35,1.57,1.52,4.9,4.46,6.25,5.64,32,1.5,1.44,2.9,2.72,21,-1,1.9,1.82,2.1,2.02,1.52,4.71,6
D2,13/04/2019,Sandhausen,Dresden,3,1,H,0,0,D,16,10,6,4,21,11,10,5,3,2,0,0,2.15,3.4,3.25,2.15,3.2,3.5,2.2,3.2,3.35,2.33,3.1,3.56,2.2,3.2,3.3,2.25,3.4,3.2,35,2.33,2.23,3.4,3.16,3.65,3.37,34,2.25,2.15,1.8,1.69,18,-0.25,2,1.93,1.97,1.91,2.36,3.2,3.39
D2,14/04/2019,Bochum,Greuther Furth,3,2,H,1,2,A,21,20,8,8,11,11,7,12,3,0,0,0,1.85,3.6,4,1.87,3.6,4.1,1.85,3.55,4.1,1.92,3.46,4.47,1.83,3.4,4.33,1.9,3.6,4.1,34,1.99,1.87,3.75,3.48,4.47,4.16,32,1.98,1.87,2,1.92,17,-0.5,1.92,1.87,2.04,1.97,1.88,3.74,4.26
D2,14/04/2019,Ingolstadt,Holstein Kiel,1,1,D,1,0,H,11,14,3,3,15,10,4,11,2,1,0,0,2.3,3.4,3,2.35,3.4,2.95,2.35,3.5,2.85,2.46,3.64,2.86,2.38,3.5,2.75,2.4,3.6,2.8,34,2.51,2.37,3.65,3.48,3.04,2.85,33,1.75,1.68,2.29,2.16,18,0,1.8,1.75,2.17,2.11,2.4,3.75,2.88
D2,14/04/2019,St Pauli,Bielefeld,1,1,D,0,1,A,10,14,4,5,14,10,3,4,3,3,0,0,2.2,3.5,3.1,2.2,3.4,3.2,2.25,3.4,3.1,2.26,3.46,3.34,2.2,3.3,3.2,2.3,3.5,3,34,2.3,2.22,3.62,3.4,3.35,3.15,32,1.87,1.78,2.09,2.02,18,0,1.7,1.63,2.4,2.29,2.41,3.44,3.07
D2,15/04/2019,FC Koln,Hamburg,1,1,D,1,0,H,12,16,2,3,14,20,6,8,4,3,0,0,1.7,4,4.5,1.72,4,4.4,1.73,3.9,4.3,1.8,3.79,4.66,1.73,3.75,4.4,1.75,4,4.4,34,1.9,1.75,4.1,3.84,4.66,4.35,32,1.69,1.63,2.35,2.24,17,-0.75,2.02,1.95,1.92,1.88,1.7,3.96,5.1
D2,20/04/2019,Duisburg,Sandhausen,2,2,D,0,1,A,26,14,10,6,17,11,12,3,5,1,0,0,2.75,3.4,2.45,2.6,3.3,2.6,2.8,3.25,2.5,2.89,3.34,2.6,2.75,3.25,2.5,2.8,3.4,2.5,33,2.9,2.77,3.4,3.25,2.65,2.54,32,2.06,1.99,1.85,1.8,18,0,2.08,2.01,1.9,1.83,2.89,3.41,2.55
D2,20/04/2019,Greuther Furth,Union Berlin,1,1,D,0,1,A,21,14,10,5,13,16,11,3,1,3,1,1,5,3.75,1.7,4.33,3.8,1.75,4.5,3.7,1.75,4.59,4.08,1.75,4.4,3.9,1.7,4.6,3.9,1.73,34,5,4.43,4.08,3.77,1.8,1.75,32,1.92,1.85,2.01,1.94,17,1,1.65,1.59,2.44,2.37,5.16,3.82,1.72
D2,20/04/2019,Hamburg,Erzgebirge Aue,1,1,D,0,1,A,17,8,2,3,8,13,5,2,0,2,0,0,1.45,4.5,6.5,1.45,4.33,6.75,1.45,4.4,6.7,1.46,4.34,8.12,1.42,4.2,8,1.45,4.5,7,34,1.51,1.45,4.6,4.3,8.12,6.91,32,1.85,1.78,2.1,2.02,20,-1,1.8,1.76,2.16,2.09,1.41,4.66,8.45
D2,20/04/2019,Holstein Kiel,Paderborn,1,2,A,0,0,D,11,25,2,10,11,13,6,7,1,1,0,0,2.05,3.75,3.25,2.1,3.6,3.2,2.2,3.6,3,2.23,3.78,3.13,2.15,3.7,3,2.2,3.75,3,33,2.23,2.14,3.98,3.68,3.25,3.05,32,1.45,1.41,3,2.81,16,0,1.68,1.63,2.37,2.28,2.32,3.95,2.88
D2,21/04/2019,Bielefeld,Ingolstadt,1,3,A,0,1,A,12,13,3,7,12,15,9,4,1,0,0,0,2.45,3.4,2.75,2.45,3.25,2.8,2.5,3.35,2.7,2.67,3.39,2.77,2.55,3.25,2.7,2.6,3.4,2.7,34,2.67,2.54,3.55,3.3,2.83,2.72,32,1.85,1.77,2.1,2.02,18,0,1.92,1.86,2.03,1.97,2.71,3.5,2.66
D2,21/04/2019,Darmstadt,Bochum,0,0,D,0,0,D,10,10,3,1,13,14,8,1,1,0,0,0,2.2,3.4,3.2,2.1,3.3,3.4,2.25,3.3,3.15,2.32,3.3,3.36,2.2,3.25,3.2,2.25,3.4,3.2,34,2.32,2.22,3.55,3.29,3.45,3.22,32,1.91,1.84,2.05,1.95,17,-0.5,2.31,2.24,1.71,1.67,2.38,3.48,3.09
D2,21/04/2019,Dresden,FC Koln,3,0,H,2,0,H,16,16,6,2,25,21,3,2,3,4,0,0,6.5,4.5,1.44,6,4.2,1.5,5.8,4,1.55,6.36,4.66,1.5,6.5,4.4,1.44,6.5,4.5,1.5,34,6.73,6.15,4.95,4.46,1.55,1.47,31,1.55,1.5,2.7,2.51,20,1,2.2,2.09,1.9,1.75,6.24,4.58,1.52
D2,21/04/2019,Heidenheim,St Pauli,3,0,H,3,0,H,21,5,6,3,8,11,7,2,0,2,0,1,1.9,3.5,4.2,1.95,3.4,3.75,1.93,3.6,3.75,1.95,3.73,3.96,1.88,3.6,3.8,1.95,3.6,3.8,34,2,1.94,3.8,3.57,4.2,3.75,33,1.82,1.76,2.17,2.04,17,-0.5,1.98,1.93,1.96,1.91,2.03,3.59,3.84
D2,21/04/2019,Regensburg,Magdeburg,1,0,H,1,0,H,23,18,8,2,15,11,7,12,3,0,0,0,2.2,3.4,3.2,2.1,3.3,3.4,2.25,3.35,3.15,2.35,3.28,3.31,2.25,3.3,3.1,2.25,3.5,3.13,32,2.35,2.23,3.5,3.29,3.44,3.2,30,1.95,1.89,1.96,1.89,16,-0.25,2.01,1.95,1.93,1.89,2.31,3.69,3.05
D2,26/04/2019,FC Koln,Darmstadt,1,2,A,0,1,A,27,9,12,4,13,11,15,4,1,3,0,0,1.3,5.75,8.5,1.3,5.5,9,1.32,5.4,8.2,1.32,5.46,9.6,1.29,5.25,9.5,1.33,5.75,8.5,35,1.35,1.31,6,5.43,10,8.79,33,1.5,1.44,2.9,2.71,22,-1.5,1.93,1.87,2,1.95,1.38,5.11,8.3
D2,26/04/2019,Ingolstadt,Dresden,1,0,H,0,0,D,18,15,5,2,18,16,6,6,3,2,0,0,1.75,3.5,4.75,1.8,3.6,4.4,1.8,3.7,4.2,1.83,3.93,4.3,1.78,3.75,4.2,1.8,3.8,4.3,34,1.85,1.8,3.93,3.7,4.75,4.22,32,1.9,1.83,2.06,1.97,19,-0.5,1.85,1.81,2.09,2.04,1.68,4.05,5.12
D2,27/04/2019,Magdeburg,Greuther Furth,2,1,H,2,1,H,16,9,7,2,16,14,5,6,2,4,0,0,1.75,3.4,5,1.75,3.7,4.6,1.75,3.6,4.7,1.79,3.92,4.53,1.73,3.7,4.6,1.75,3.75,4.75,32,1.8,1.76,4.03,3.67,5,4.54,31,2.2,2.1,1.78,1.72,18,-0.5,1.8,1.76,2.17,2.09,1.78,3.68,4.98
D2,27/04/2019,Sandhausen,Holstein Kiel,3,2,H,2,2,D,16,15,5,5,9,10,7,10,2,2,0,0,2.75,3.1,2.62,2.65,3.25,2.65,2.55,3.5,2.6,2.65,3.58,2.68,2.55,3.4,2.6,2.63,3.4,2.63,33,2.75,2.59,3.65,3.41,2.7,2.6,32,1.7,1.65,2.32,2.2,18,0,1.98,1.92,1.96,1.91,2.47,3.61,2.87
D2,27/04/2019,St Pauli,Regensburg,4,3,H,1,2,A,19,8,10,3,13,19,7,3,2,4,0,0,2.75,3.4,2.45,2.65,3.4,2.55,2.6,3.5,2.5,2.72,3.61,2.59,2.62,3.5,2.5,2.75,3.5,2.5,33,2.75,2.63,3.7,3.47,2.68,2.53,31,1.7,1.64,2.35,2.24,18,0,2.04,1.97,1.91,1.86,2.85,3.64,2.47
D2,28/04/2019,Erzgebirge Aue,Bochum,3,2,H,2,1,H,13,13,4,5,17,16,2,2,2,2,0,0,2.62,3.1,2.75,2.55,3.2,2.8,2.55,3.3,2.7,2.6,3.34,2.88,2.5,3.25,2.75,2.55,3.25,2.8,33,2.7,2.54,3.45,3.27,2.88,2.74,31,1.95,1.87,1.99,1.91,18,0,1.9,1.85,2.05,1.99,2.2,3.62,3.33
D2,28/04/2019,Paderborn,Heidenheim,3,1,H,0,0,D,16,16,5,5,12,11,6,6,1,0,0,0,1.8,4,4,1.8,3.8,4.1,1.8,4,3.85,1.83,3.86,4.39,1.75,3.8,4.2,1.83,4,3.9,33,1.85,1.8,4.2,3.84,4.39,4.02,31,1.5,1.43,2.9,2.73,18,-0.5,1.85,1.8,2.1,2.03,1.81,4.3,4.04
D2,28/04/2019,Union Berlin,Hamburg,2,0,H,0,0,D,12,7,3,4,14,14,9,3,2,2,0,0,2.4,3.2,3,2.4,3.3,2.95,2.45,3.25,2.9,2.54,3.29,3,2.45,3.2,2.88,2.5,3.2,2.9,34,2.55,2.42,3.4,3.23,3.1,2.93,33,2.1,1.98,1.87,1.81,18,0,1.84,1.77,2.17,2.09,2.74,3.23,2.8
D2,29/04/2019,Duisburg,Bielefeld,2,2,D,1,1,D,13,10,7,4,15,17,5,1,5,4,0,1,2.5,3.3,2.75,2.65,3.25,2.65,2.5,3.55,2.65,2.6,3.51,2.74,2.5,3.5,2.62,2.55,3.5,2.7,33,2.65,2.52,3.7,3.44,2.75,2.65,31,1.7,1.63,2.35,2.23,18,0,1.91,1.87,2.02,1.96,2.4,3.67,2.93
D2,03/05/2019,Bielefeld,Paderborn,2,0,H,1,0,H,17,10,6,4,11,11,5,2,5,3,0,0,3.8,4.2,1.8,3.8,4,1.83,3.75,4.05,1.8,3.91,4.27,1.83,3.8,4,1.78,3.7,4.3,1.83,34,4.1,3.76,4.4,4.07,1.9,1.81,32,1.41,1.36,3.3,3.02,18,0.5,2.1,2.03,1.85,1.82,3.54,4.04,1.99
D2,03/05/2019,Dresden,St Pauli,2,1,H,1,0,H,11,10,5,6,15,16,5,5,2,3,0,0,2.15,3.4,3.3,2.2,3.4,3.2,2.15,3.5,3.15,2.22,3.59,3.29,2.15,3.5,3.1,2.2,3.6,3.13,35,2.31,2.19,3.65,3.48,3.3,3.14,34,1.8,1.7,2.22,2.13,19,-0.5,2.25,2.18,1.76,1.71,2.14,3.6,3.49
D2,04/05/2019,Bochum,Magdeburg,4,2,H,1,0,H,17,18,8,8,8,6,2,10,2,3,0,0,2.8,3.3,2.45,2.65,3.5,2.55,2.7,3.35,2.5,2.78,3.53,2.57,2.7,3.4,2.45,2.75,3.4,2.55,34,2.85,2.72,3.56,3.35,2.6,2.52,32,1.87,1.79,2.1,2.01,18,0,2.04,2,1.88,1.84,2.88,3.58,2.47
D2,04/05/2019,Hamburg,Ingolstadt,0,3,A,0,1,A,18,9,3,6,7,13,5,5,0,2,0,0,1.72,4,4.33,1.8,3.7,4.33,1.8,3.65,4.3,1.83,3.69,4.61,1.75,3.6,4.5,1.8,3.8,4.33,34,1.87,1.79,4,3.67,4.74,4.34,32,1.93,1.86,2,1.94,18,-0.5,1.83,1.79,2.12,2.06,1.93,3.56,4.26
D2,04/05/2019,Heidenheim,Sandhausen,2,3,A,1,0,H,20,12,10,5,10,12,10,2,1,4,0,0,2.15,3.6,3.1,2.15,3.6,3.2,2.2,3.5,3.1,2.22,3.65,3.25,2.15,3.5,3.1,2.2,3.6,3.13,35,2.3,2.19,3.7,3.5,3.31,3.12,31,1.67,1.61,2.4,2.26,18,-0.5,2.25,2.2,1.75,1.69,2.41,3.5,3.02
D2,05/05/2019,Darmstadt,Union Berlin,2,1,H,0,0,D,9,21,3,8,14,14,1,6,1,1,0,0,4.5,3.75,1.72,4.33,3.5,1.83,4.4,3.6,1.77,4.87,3.64,1.8,4.5,3.7,1.73,4.4,3.75,1.8,32,4.87,4.45,3.86,3.61,1.85,1.78,31,1.85,1.79,2.06,2.01,16,0.5,2.12,2.07,1.84,1.79,4.03,3.59,1.97
D2,05/05/2019,Holstein Kiel,Duisburg,0,2,A,0,0,D,29,9,5,5,14,11,9,3,2,1,0,0,1.7,4.2,4.2,1.75,3.9,4.4,1.73,4.05,4.15,1.75,4.16,4.47,1.7,4,4.33,1.75,4.1,4.2,34,1.8,1.73,4.25,3.99,4.47,4.21,33,1.45,1.41,3,2.81,19,-1,2.27,2.2,1.75,1.68,1.64,4.61,4.78
D2,05/05/2019,Regensburg,Erzgebirge Aue,1,3,A,0,0,D,15,11,4,5,19,12,4,1,4,1,1,0,1.95,3.6,3.6,1.91,3.6,3.8,1.97,3.65,3.6,1.99,3.68,3.85,1.95,3.6,3.6,2,3.7,3.5,34,2.04,1.97,3.8,3.6,3.85,3.61,31,1.65,1.6,2.41,2.29,18,-0.5,2.03,1.97,1.92,1.86,1.97,3.84,3.76
D2,06/05/2019,Greuther Furth,FC Koln,0,4,A,0,3,A,3,20,0,9,10,5,1,11,1,0,0,0,6,4.75,1.44,6.5,4.6,1.45,6.1,4.6,1.46,6.57,4.68,1.48,6.5,4.6,1.44,6.5,4.8,1.45,34,6.78,6.28,4.9,4.61,1.5,1.45,32,1.52,1.47,2.75,2.6,20,1.5,1.75,1.69,2.25,2.18,6.11,3.88,1.63
D2,12/05/2019,Duisburg,Heidenheim,3,4,A,1,2,A,21,22,9,8,15,10,7,5,2,2,0,0,2.8,3.4,2.4,2.8,3.6,2.3,2.75,3.55,2.4,2.69,3.77,2.5,2.7,3.6,2.38,2.75,3.8,2.38,33,2.85,2.71,3.8,3.6,2.5,2.4,30,1.62,1.57,2.45,2.34,18,0,2.12,2.03,1.87,1.81,2.69,3.87,2.49
D2,12/05/2019,Erzgebirge Aue,Greuther Furth,1,1,D,1,1,D,9,12,2,3,13,11,2,8,2,1,0,0,2.2,3.3,3.3,2.3,3.3,3.1,2.3,3.35,2.95,2.39,3.23,3.23,2.3,3.2,3.1,2.38,3.3,3,34,2.4,2.31,3.5,3.26,3.3,3.07,31,1.84,1.75,2.13,2.04,17,0,1.75,1.67,2.27,2.21,2.46,3.35,3.06
D2,12/05/2019,FC Koln,Regensburg,3,5,A,0,3,A,17,27,7,7,15,17,6,6,5,2,1,0,1.4,4.75,7,1.45,4.75,6.25,1.46,5,5.6,1.47,4.78,6.3,1.42,5,6,1.45,5.4,5.75,34,1.5,1.44,5.4,4.89,7,5.9,32,1.31,1.28,3.85,3.52,21,-1.5,2.17,2.1,1.8,1.74,1.41,5.41,6.88
D2,12/05/2019,Holstein Kiel,Dresden,3,0,H,1,0,H,12,4,5,0,18,19,6,2,1,0,0,0,1.61,4,5.25,1.65,4.1,4.75,1.63,4.3,4.55,1.64,4.22,5.08,1.6,4.2,4.8,1.65,4.4,4.6,34,1.75,1.63,4.55,4.18,5.25,4.63,31,1.44,1.37,3.2,2.99,19,-1,2.09,2.03,1.85,1.81,1.52,5.18,5.34
D2,12/05/2019,Ingolstadt,Darmstadt,3,0,H,2,0,H,10,11,4,0,15,13,3,5,2,3,0,0,1.45,4.33,7,1.5,4.33,6.25,1.5,4.35,6.2,1.48,4.29,7.09,1.44,4.2,7,1.5,4.4,6.5,33,1.53,1.49,4.6,4.26,7.09,6.28,30,1.75,1.66,2.25,2.16,19,-1,1.85,1.81,2.1,2.03,1.49,4.4,7.17
D2,12/05/2019,Paderborn,Hamburg,4,1,H,1,0,H,20,15,11,4,12,19,5,9,1,4,0,0,2.05,3.4,3.5,2.05,3.75,3.25,2.05,3.7,3.2,2.18,3.82,3.21,2.1,3.75,3.1,2.1,3.9,3.13,33,2.18,2.08,3.95,3.7,3.5,3.2,30,1.58,1.53,2.6,2.44,18,-0.5,2.17,2.08,1.83,1.76,2.44,3.71,2.84
D2,12/05/2019,Sandhausen,Bielefeld,0,3,A,0,2,A,12,6,2,3,16,6,1,6,0,2,0,0,2.05,3.4,3.5,2.1,3.4,3.5,2.1,3.3,3.5,2.2,3.33,3.53,2.1,3.3,3.4,2.15,3.5,3.3,34,2.2,2.11,3.5,3.32,3.85,3.45,30,1.67,1.62,2.35,2.24,18,-0.5,2.18,2.12,1.8,1.74,2.25,3.54,3.28
D2,12/05/2019,St Pauli,Bochum,0,0,D,0,0,D,12,10,3,4,16,8,8,4,0,1,0,0,2.05,3.5,3.4,2.1,3.4,3.4,2.15,3.55,3.2,2.2,3.49,3.37,2.1,3.5,3.2,2.2,3.6,3.2,34,2.2,2.13,3.76,3.46,3.5,3.26,30,1.67,1.62,2.45,2.24,17,-0.5,2.2,2.14,1.79,1.72,2.54,3.76,2.69
D2,12/05/2019,Union Berlin,Magdeburg,3,0,H,2,0,H,14,12,7,1,22,16,3,5,1,1,0,0,1.6,4,5.25,1.62,4.1,5,1.67,4,4.7,1.68,3.92,5.4,1.62,4,5,1.65,4.2,4.8,33,1.7,1.65,4.2,3.95,5.42,4.88,29,1.7,1.64,2.3,2.2,18,-1,2.21,2.14,1.78,1.73,1.6,4.35,5.51
D2,19/05/2019,Bielefeld,Holstein Kiel,1,0,H,0,0,D,20,16,6,1,9,15,8,6,1,1,0,0,2.2,3.6,3,2.3,3.7,2.8,2.25,3.9,2.7,2.32,3.84,2.89,2.2,3.9,2.75,2.3,4,2.7,38,2.4,2.28,4.1,3.8,3,2.74,36,1.37,1.33,3.4,3.13,18,-0.25,1.8,1.74,2.17,2.11,2.49,4.01,2.63
D2,19/05/2019,Bochum,Union Berlin,2,2,D,1,0,H,8,26,2,8,18,22,2,7,4,3,1,0,4.5,4.5,1.61,4.5,4.33,1.65,4.55,4.3,1.65,4.69,4.36,1.66,4.75,4.2,1.6,4.8,4.3,1.65,37,4.95,4.62,4.5,4.26,1.67,1.62,34,1.46,1.41,2.95,2.75,19,1,1.89,1.82,2.07,2.02,4.54,4.71,1.65
D2,19/05/2019,Darmstadt,Erzgebirge Aue,1,0,H,1,0,H,9,14,4,7,12,15,2,0,2,1,0,0,1.9,3.6,3.75,1.91,3.75,3.7,1.9,3.75,3.65,1.99,3.77,3.69,1.91,3.75,3.6,1.95,3.75,3.7,38,1.99,1.92,3.95,3.71,4,3.63,34,1.6,1.56,2.5,2.36,18,-0.5,1.98,1.93,1.97,1.91,1.78,4.35,4.15
D2,19/05/2019,Dresden,Paderborn,3,1,H,2,1,H,12,21,5,5,10,14,8,11,0,0,0,0,6,4.75,1.44,6,4.6,1.48,5.6,4.8,1.47,5.77,4.71,1.51,6,4.75,1.44,5.5,5,1.5,37,6.3,5.7,5,4.69,1.52,1.47,35,1.4,1.35,3.3,3.02,17,1.5,1.71,1.67,2.3,2.2,5.46,5.31,1.5
D2,19/05/2019,Greuther Furth,St Pauli,2,1,H,0,0,D,22,9,5,2,16,15,3,3,5,3,0,1,2.3,3.6,2.8,2.35,3.5,2.85,2.35,3.55,2.85,2.39,3.48,3.01,2.3,3.5,2.88,2.38,3.7,2.8,38,2.4,2.33,3.7,3.51,3.01,2.84,34,1.65,1.6,2.4,2.27,18,-0.25,2.09,2.03,1.85,1.8,2.33,3.75,2.99
D2,19/05/2019,Hamburg,Duisburg,3,0,H,1,0,H,22,8,8,5,6,11,12,4,0,2,0,0,1.53,4.33,5.5,1.55,4.5,5.25,1.55,4.4,5.2,1.57,4.37,5.49,1.52,4.33,5.5,1.53,4.6,5.5,37,1.59,1.54,4.6,4.32,5.7,5.3,33,1.5,1.46,2.7,2.55,19,-1,1.94,1.89,2.02,1.95,1.46,4.98,6.45
D2,19/05/2019,Heidenheim,Ingolstadt,4,2,H,2,0,H,17,17,10,5,12,9,5,9,1,2,1,0,3.75,4.2,1.8,3.8,3.9,1.85,3.6,3.95,1.87,3.72,3.96,1.93,3.6,4,1.85,3.7,4.1,1.87,38,3.85,3.65,4.2,3.89,1.93,1.87,34,1.5,1.44,2.85,2.67,18,0.5,2.03,1.97,1.93,1.87,3.77,4.4,1.85
D2,19/05/2019,Magdeburg,FC Koln,1,1,D,0,1,A,12,17,4,5,10,7,4,2,2,2,0,0,3.8,4.2,1.8,4.1,4,1.78,3.8,4.15,1.8,4.07,3.98,1.83,3.9,4,1.78,3.75,4.2,1.83,36,4.2,3.86,4.35,4.06,1.85,1.79,33,1.44,1.38,3.15,2.92,17,0.75,1.9,1.83,2.07,2.01,3.24,3.91,2.14
D2,19/05/2019,Regensburg,Sandhausen,2,2,D,1,1,D,15,12,3,5,12,15,7,6,3,2,0,0,2.9,3.2,2.45,2.9,3.4,2.35,2.75,3.5,2.4,2.85,3.44,2.53,2.8,3.5,2.35,2.75,3.4,2.38,36,3.3,2.77,3.65,3.43,2.53,2.4,32,1.57,1.52,2.6,2.43,16,0,2.11,2.06,1.83,1.79,2.58,3.72,2.67
